"Phone_Directories","Cheat_Sheets","Specifications","Specifications","Working_Drafts","Specifications","Help_and_Tutorials","Botany","Canada","United_States","American_University_of_Kinshasha","Ain_Shams_University","Alexandria_University","American_University_in_Cairo","Assiut_University","Cairo_University","German_University_in_Cairo","Helwan_University","Mansoura_University","Minufiya_University","Misr_International_University","Misr_University_for_Science_and_Technology","Modern_Sciences_and_Arts_University","October_6_University","Sinai_University","South_Valley_University","Tanta_University","Zagazig_University","Addis_Ababa_University","Ashesi_University_College","Kwame_Nkrumah_University_of_Science_and_Technology","St._Luke_School_of_Medicine_at_Cape_Coast","University_of_Cape_Coast","University_of_Ghana","Valley_View_University","Africa_Nazarene_University","Catholic_University_of_Eastern_Africa","Egerton_University","Kenyatta_University","Maryknoll_Institute_of_African_Studies","Moi_University","Strathmore_University","University_of_Eastern_Africa","University_of_Nairobi","Cape_Technikon","Central_University_of_Technology,_Free_State","Mangosuthu_Technikon","Nelson_Mandela_Metropolitan_University","Potchefstroom_University","Rhodes_University","South_African_Theological_Seminary","University_of_Johannesburg","University_of_Cape_Town","University_of_Fort_Hare","University_of_Natal","University_of_North_West","University_of_Pretoria","University_of_South_Africa","University_of_Stellenbosch","University_of_Venda","University_of_Zululand","University_of_the_Orange_Free_State","University_of_the_Western_Cape","University_of_the_Witwatersrand","Vaal_Triangle_Technikon","Durban_University_of_Technology","Cape_Peninsula_University_of_Technology","University_of_Dar_es_Salaam","University_of_Sfax","Kyambogo_University","Makerere_University","Mbarara_University_of_Science_and_Technology","Ndejje_University","Uganda_Christian_University","Uganda_Martyrs_University","Africa_University","Midlands_State_University","National_University_of_Science_and_Technology","Scientific_and_Industrial_Research_and_Development_Centre","University_of_Zimbabwe","Zimbabwe_College_of_Music","Anhui","Beijing","Fujian","Gansu","Guangdong","Guangxi","Hebei","Heilongjiang","Henan","Hubei","Hunan","Inner_Mongolia","Jiangsu","Jiangxi","Jilin","Liaoning","Shaanxi","Shandong","Shanghai","Shanxi","Sichuan","Tianjin","Xinjiang","Zhejiang","Caucasus_School_of_Business","Ivane_Javakhishvili_Tbilisi_State_University","Tbilisi_Institute_of_Asia_and_Africa","Tbilisi_State_Medical_University","Andhra_Pradesh","Arts_and_Science","Arunachal_Pradesh","Assam","Chandigarh","Chhattisgarh","Delhi","Engineering","Goa","Gujarat","Haryana","Himachal_Pradesh","Jammu_and_Kashmir","Jharkhand","Karnataka","Kerala","Law","Madhya_Pradesh","Maharashtra","Management","Medical","Meghalaya","Orissa","Pondicherry","Punjab","Rajasthan","Sikkim","Tamil_Nadu","Tripura","Universities","Uttar_Pradesh","Uttaranchal","West_Bengal","Colleges","Institutes","Universities","National","Prefectural","Private","Aichi","Akita","Chiba","Aomori","Ehime","Fukui","Fukuoka","Fukushima","Gifu","Gunma","Hiroshima","Hyogo","Hokkaido","Ibaraki","Iwate","Ishikawa","Kagawa","Kagoshima","Kanagawa","Kochi","Kumamoto","Kyoto","Mie","Miyazaki","Miyagi","Nagano","Nagasaki","Nara","Niigata","Oita","Okayama","Okinawa","Osaka","Saga","Saitama","Shiga","Shimane","Shizuoka","Tochigi","Tokushima","Tokyo","Toyama","Wakayama","Yamagata","Yamaguchi","Yamanashi","Tottori","Universiti_Kebangsaan_Malaysia","Universiti_Multimedia","Universiti_Putra_Malaysia","Universiti_Sains_Malaysia","Universiti_Teknologi_Malaysia","University_Malaya","Computer_Science","Engineering","Management","Medical","Textile","AMA","Aklan","Albay","Ateneo_University","Benguet","Bohol","Bukidnon","Cagayan","Capiz","Cavite","Cebu","De_La_Salle_University","Ilocos_Sur","Iloilo","La_Union","Lanao_del_Norte","Mountain_Province","National_Capital_Region","Negros_Oriental","Nueva_Ecija","Pampanga","Quezon","University_of_the_Philippines","Nanyang_Technological_University","National_University_of_Singapore","Ajou_University","Andong_National_University","Ansan_College_of_Technology","Anyang_University","Asia_United_Theological_University","Berea_University_of_Graduate_Studies","Busan_National_University_of_Education","Capital_Baptist_Theological_Seminary","Catholic_University_of_Daegu","Catholic_University_of_Korea","Changwon_National_University","Cheju_National_University","Cheonan_College_of_Foreign_Studies","Cheonan_University","Cheonan_Yonam_College","Cheongju_National_University_of_Education","Chodang_University","Chongju_University","Chongshin_University","Chonnam_National_University","Chosun_University","Chugye_University_for_the_Arts","Chuncheon_National_University_of_Education","Chung-Ang_University","Chung_Cheong_College","Chungbuk_National_University","Chungbuk_Provincial_University_of_Science_and_Technology","Chungnam_National_University","Chungwoon_University","Daegu_Haany_University","Daegu_National_University_of_Education","Daegu_University","Daejin_University","Daekyeung_College","Daewon_Science_College","Dankook_University","Dong-A_University","Dong-Ah_Broadcasting_College","Dong-eui_University","Dong_Seoul_College","Dongguk_University","Donghae_University","Dongseo_University","Dongshin_University","Dongyang_University","Doowon_Technical_College","Duksung_Women's_University","Ewha_Womans_University","Gimcheon_College","Gongju_National_University_of_Education","Gumi_Polytechnic_College","Gyeongju_University","Gwangju_University","Gyeongin_National_University_of_Education","Gyeongsang_National_University","Hallym_University","Hanbat_National_University","Handong_Global_University","Hankuk_Aviation_University","Hankyong_National_University","Hannam_University","Hansei_University","Hanseo_University","Hansung_Technical_College","Hansung_University","Hanyang_University","Hapdong_Theological_Seminary","Honam_University","Hongik_University","Hoseo_University","Incheon_City_College","Information_and_Communications_University","Inha_University","Inje_University","International_Design_School_for_Advanced_Studies","International_Graduate_School_of_English","International_Graduate_University_for_Peace","Jecheon_Polytechnic_College","Jeju_College_of_Technology","Jeonbuk_Polytechnic_College","Jeonju_Kijeon_Women's_College","Jeonju_National_University_of_Education","Jeonju_Technical_College","Jeonju_University","Jinju_National_University","Joongbu_University","Juseong_College","KDI_School_of_Public_Policy_and_Management","Kangnam_University","Kangnung_National_University","Kangwon_National_University","Kaya_University","Kaywon_School_of_Art_and_Design","Keimyung_University","Kimpo_College","Kongju_Communication_Arts_College","Kongju_National_University","Konkuk_University","Konyang_University","Kookmin_University","Korea_Advanced_Institute_of_Science_and_Technology","Korea_Air_Force_Academy","Korea_Maritime_University","Korea_Military_Academy","Korea_National_Open_University","Korea_National_Police_University","Korea_National_University_of_Arts","Korea_Nazarene_University","Korea_Polytechnic_University","Korea_Textile_and_Fashion_Institute","Korea_University","Korea_University_of_Technology_and_Education","Korean_National_University_of_Cultural_Heritage","Korean_National_University_of_Education","Kosin_University","Kumoh_National_Institute_of_Technology","Kunsan_National_University","Kwandong_University","Kwangju_Health_College","Kwangju_Institute_of_Science_and_Technology","Kwangju_Polytechnic_College","Kwangwoon_University","Kyonggi_University","Kyung_Hee_University","Kyungdong_University","Kyungil_University","Kyungnam_University","Kyungpook_National_University","Kyungsung_University","Kyungwon_University","Kyungwoon_University","Methodist_Theological_Seminary","Miryang_National_University","Mokpo_National_Maritime_University","Mokpo_National_University","Mokwon_University","Myongji_University","Namseoul_University","National","Paichai_University","Pohang_University_of_Science_and_Technology","Presbyterian_College_and_Theological_Seminary","Pukyong_National_University","Pusan_National_University","Pusan_University_of_Foreign_Studies","Pyongtaek_University","Sahmyook_University","Samcheok_National_University","Sangji_University","Sangmyung_University","Sejong_University","Semyung_University","Seokyeong_University","Seoul-Jeongsu_Polytechnic_College","Seoul_National_University","Seoul_National_University_of_Education","Seoul_National_University_of_Technology","Seoul_Sports_Graduate_University","Seoul_Theological_University","Seoul_Women's_University","Seowon_University","Shingu_College","Silla_University","Sogang_University","Sookmyung_Women's_University","Soonchunhyang_University","Soongsil_University","Suncheon_First_College","Sunchon_National_University","SungKongHoe_University","Sungkyul_University","Sungkyunkwan_University","Sungshin_Women's_University","Sunmoon_University","Suwon_Women's_College","Transnational_Law_and_Business_University","Uiduk_University","University_of_Incheon","University_of_Seoul","University_of_Suwon","University_of_Ulsan","Westminster_Graduate_School_of_Theology","Wonkwang_University","Woosong_University","Yeungjin_Junior_College","Yeungnam_University","Yewon_Arts_University","Yonsei_University","Youngsan_University","Yuhan_College","Alumni","National","Normal_School","Private","Ayutthaya","Bangkok","Chiang_Mai","Chon_Buri","International_Programs","Khon_Kaen","Maha_Sarakham","Nakhon_Nayok","Nakhon_Pathom","Nakhon_Ratchasima","Nakhon_Sawan","Nakhon_Si_Thammarat","Nong_Khai","Pathum_Thani","Phetchaburi","Phitsanulok","Rajamangala_University_of_Technology","Songkhla","Ubon_Ratchathani","Udon_Thani","Vietnam_National_University","Northern_Caribbean_University","University_of_Puerto_Rico","Central_America_Health_Sciences_University","Galen_University","Sacred_Heart_Junior_College","St._John's_Junior_College","St._Luke's_University","University_of_Belize","CATIE_Centro_Agronomica_Tropical","Earth_University","Esepa_Seminary","INCAE","Instituto_Tecnologico_de_Costa_Rica","Inter-American_Institute_of_Human_Rights","Latin_American_Biblical_University","Organization_for_Tropical_Studies","Universidad_Latina_de_Costa_Rica","Universidad_Nacional","Universidad_Veritas","Universidad_de_Costa_Rica","Universidad_del_Diseño","University_for_Peace","Universidad_Centroamericana_José_Simeón_Cañas","Francisco_Marroquin_University","Universidad_de_San_Carlos","Universidad_Tecnológica_de_Honduras","Universidad_de_San_Pedro_Sula","Zamorano","Ave_Maria_College_of_the_Americas","Florida_State_University_Panama","Smithsonian_Tropical_Research_Institute","Universidad_Tecnologica_de_Panama","Professor_Ratings","Law","Veterinary_Medicine","Burgenland","Carinthia","Lower_Austria","Salzburg","Styria","Tyrol","Upper_Austria","Vienna","Vorarlberg","Belarusian_State_Economic_University","Belarusian_State_University","Belarusian_State_University_of_Informatics_and_Radioelectronics","European_Humanities_University","Yanka_Kupala_State_University_of_Grodno","Facultés_Universitaires_Notre-Dame_la_Paix","Ghent_University","Hogeschool_Antwerpen","Katholieke_Universiteit_Leuven","Universiteit_Antwerpen","Université_Catholique_de_Louvain","Université_Libre_de_Bruxelles","Université_de_Liege","Vrije_Universiteit_Brussel","University_of_Banja_Luka","University_of_Mostar","University_of_Sarajevo","University_of_Tuzla","Agricultural_University_of_Plovdiv","American_University_in_Bulgaria","Bourgas_Prof._Assen_Zlatarov_University","Bulgarian_Air_Force_Academy","Burgas_Free_University","Higher_Institute_of_Food_and_Flavor_Industries","International_University","Krustyo_Sarafov_National_Academy_of_Theatre_and_Film_Arts","Medical_University","Medical_University,_Pleven","National_Academy_of_Arts","National_Sports_Academy","New_Bulgarian_University","Nicola_Vaptsarov_Naval_Academy","Pantcho_Vladigerov_State_Academy_of_Music","South_West_University","St._Ivan_Rilski_University_of_Mining_and_Geology","Technical_University_of_Gabrovo","Technical_University_of_Sofia","Technical_University_of_Varna","Trakia_University_Stara_Zagora","University_of_Architecture,_Civil_Engineering_and_Geodesy","University_of_Economics","University_of_Plovdiv","University_of_Rousse","University_of_Sofia_St._Kliment_Ohridski","University_of_Svishtov","University_of_Veliko_Turnovo","Varna_Free_University","Veliko_Tarnovo","American_College_of_Management_and_Technology","Osijek","Pula","Rijeka","Slavonski_Brod","Split","Varazdin","Zadar","Zagreb","Charles_University","Masaryk_University","University_of_Technology","Aalborg_University","Copenhagen_Business_School","Roskilde_University","Royal_School_of_Library_and_Information_Science","Technical_University_of_Denmark","The_Aarhus_School_of_Business","University_of_Aarhus","University_of_Copenhagen","University_of_Southern_Denmark","DNS_International_Teacher_Training_College","Tallinn_Technical_University","Tallinn_University","University_of_Tartu","Academic_Departments","Academy_of_Fine_Arts","Helsinki_School_of_Economics_and_Business_Administration","Helsinki_University_of_Technology","Lappeenranta_University_of_Technology","Sibelius_Academy","Swedish_School_of_Economics_and_Business_Administration","Tampere_University_of_Technology","Theater_Academy","Turku_School_of_Economics_and_Business_Administration","University_of_Art_and_Design_Helsinki","University_of_Helsinki","University_of_Joensuu","University_of_Jyväskylä","University_of_Kuopio","University_of_Lapland","University_of_Oulu","University_of_Tampere","University_of_Turku","University_of_Vaasa","Åbo_Akademi_University","American_Graduate_School_of_International_Relations_and_Diplomacy","American_University_of_Paris","E._M._Lyon","ESEC","MAI","Management_and_Business_Administration_Institute","A","B","Baden-Württemberg","Bavaria","Berlin","Brandenburg","Bremen","C","E","D","F","G","H","Hamburg","Hesse","I","J","K","L","Lower_Saxony","M","Mecklenburg-Western_Pomerania","N","North_Rhine-Westphalia","O","P","Q","R","Rhineland-Palatinate","S","Saarland","Saxony","Saxony-Anhalt","Schleswig-Holstein","T","Thuringia","U","V","W","X","Y","Z","Aristotle_University_of_Thessaloniki","Ionian_University","Panteion_University","University_of_Crete","University_of_Patras","University_of_the_Aegean","Budapest_University_of_Technology_and_Economics","Central_European_University","Eötvös_Loránd_University","Semmelweis_University","Szent_István_University","University_of_Pécs","University_of_Szeged","University_of_Veszprém","University_of_Iceland","Dublin_City_University","Dublin_Institute_of_Technology","Griffith_College","National_University_of_Ireland","Portobello_College","Trinity_College_Dublin","University_College_Cork","University_College_Dublin","University_of_Limerick","Waterford_Institute_of_Technology","American_University_of_Rome","Free_University_of_Bozen-Bolzano","Perugia_University","Pontifical_Biblical_Institute","Pontifical_University_of_the_Holy_Cross","University_of_Bologna","University_of_Milan","University_of_Pisa","University_of_Rome","University_of_Urbino","Venice_International_University","Baltic_Russian_Institute","Riga_Technical_University","University_of_Latvia","Hochschule_Liechtenstein","Internationale_Akademie_für_Philosophie","Kaunas_University_of_Medicine","Kaunas_University_of_Technology","Vilnius_University","Sacred_Heart_University","Saints_Cyril_and_Methodius_University","Saint_Clement_of_Ohrid_University","Goce_Delcev_University_of_Stip","University_of_Malta","Academy_of_Economic_Studies_of_Moldova","University_of_Montenegro","Delft_University_of_Technology","Eindhoven_University_of_Technology","Erasmus_University_Rotterdam","HAN_University","International_Institute_of_Social_Studies","Islamic_University_of_Rotterdam","Maastricht_University","Tilburg_University","University_of_Amsterdam","University_of_Groningen","University_of_Leiden","University_of_Nijmegen","University_of_Twente","Utrecht_University","Vrije_Universiteit_Amsterdam","Wageningen_University","Bergen_University_College","Buskerud_University_College","Diakonhjemmet_Hospital_and_College","Finnmark_University_College","Gjøvik_University_College","Hedmark_University_College","Lillehammer_College","Molde_University_College","Nesna_University_College","Nord-Trøndelag_University_College","Norwegian_School_of_Management","Norwegian_State_Academy_of_Music","Norwegian_University_of_Life_Sciences","Norwegian_University_of_Science_and_Technology","Oslo_University_College","Saami_University_College","Sogn_og_Fjordane_University_College","Sør-Trøndelag_University_College","Telemark_University_College","Tromsø_University_College","University_of_Bergen","University_of_Oslo","University_of_Stavanger","University_of_Tromsø","Vestfold_University_College","Volda_University_College","Ålesund_College","Østfold_University_College","University_of_Agder","Academy_of_Fine_Arts_in_Krakow","Academy_of_Fine_Arts_in_Poznan","Academy_of_Music_in_Krakow","Adam_Mickiewicz_University_in_Poznan","Agricultural_University_of_Cracow","Catholic_University_of_Lublin","Cracow_University_of_Economics","Gdynia_Maritime_University","Jagiellonian_University","Karol_Marcinkowski_University_of_Medical_Sciences","Kielce_University_of_Technology","Koszalin_University_of_Technology","Krakow_University_of_Technology","Land_Forces_Military_Academy_in_Wroclaw","Maria_Curie-Sklodowska_University","Medical_University_of_Gdansk","Medical_University_of_Lodz","Medical_University_of_Warsaw","Military_University_of_Technology","Nicolaus_Copernicus_University","Opole_University_of_Technology","Poznan_School_of_Banking","Poznan_University_of_Economics","Rzeszow_University_of_Technology","Silesian_University_of_Technology","Technical_University_of_Lodz","Technical_University_of_Lublin","University_School_of_Physical_Education_in_Wroclaw","University_of_Bialystok","University_of_Gdansk","University_of_Lodz","University_of_Silesia","University_of_Szczecin","Warsaw_School_of_Economics","Warsaw_University","Warsaw_University_of_Technology","Wroclaw_University_of_Economics","Wroclaw_University_of_Environmental_and_Life_Sciences","Wroclaw_University_of_Technology","Poznan_University_of_Technology","Pedagogical_University_of_Cracow","University_of_Wroclaw","Wroclaw_Medical_University","AGH_University_of_Science_and_Technology","Portuguese_Catholic_University","University_of_Coimbra","University_of_Minho","University_of_Évora","Academic_Departments","Academy_of_State_Fire_Service","Altai_State_University","American_Institute_of_Business_and_Economics","Bashkir_State_University","Bauman_Moscow_State_Technical_University","European_University_at_Saint_Petersburg","Far_Eastern_National_University","Finance_Academy_under_the_Government_of_the_Russian_Federation","Herzen_State_Pedagogical_University_of_Russia","I.M._Sechenov_Moscow_Medical_Academy","Independent_University_of_Moscow","Institute_of_International_Trade_and_Law","International_Banking_Institute","Irkutsk_State_Technical_University","Ivanovo_State_University","Jewish_University_in_Moscow","Kazan_State_University","Kemerovo_State_University","Khabarovsk_State_University_of_Technology","Mendeleyev_University_of_Chemical_Technology","Modern_University_for_the_Humanities","Moscow_Architectural_Institute_-_State_Academy","Moscow_Institute_of_Foreign_Languages","Moscow_Institute_of_Physics_and_Technology","Moscow_Pedagogical_State_University","Moscow_State_Automobile_and_Road_Technical_University","Moscow_State_Aviation_Institute_-_University_of_Aerospace_Technology","Moscow_State_Engineering_Physics_Institute_-_Technical_University","Moscow_State_Forestry_University","Moscow_State_Institute_of_International_Relations_-_MGIMO-University","Moscow_State_Technological_University_'Stankin'","Moscow_State_University","Moscow_State_University_of_Culture_and_Arts","Moscow_State_University_of_Economics,_Statistics_and_Informatics","Moscow_Technical_University_of_Communications_and_Informatics","Moscow_University_Touro","Nizhni_Novgorod_State_University","Novosibirsk_State_Technical_University","Novosibirsk_State_University","Omsk_State_University","Perm_State_University","Petrozavodsk_State_University","Plekhanov_Russian_Academy_of_Economics","Pomor_State_University","Rostov_State_University","Russian_Academy_of_Entrepreneurship","Russian_State_Medical_University","Russian_State_University_for_the_Humanities","Saint-Petersburg_School_of_Religion_and_Philosophy","Saint_Petersburg_Christian_University","Saint_Petersburg_Electrotechnical_University","Saint_Petersburg_Mechnikov_State_Medical_Academy","Saint_Petersburg_State_Pavlov_Medical_University","Saint_Petersburg_State_Theatre_Arts_Academy","Saint_Petersburg_State_University","Saint_Petersburg_State_University_of_Economics_and_Finance","Samara_State_Aerospace_University","Siberian_State_Technological_University","Southern_Ural_State_University","St._Andrew's_Biblical_Theological_College","The_East-Siberian_State_University_of_Technology","Timiryazev_Agricultural_Academy","Tomsk_Polytechnic_University","Udmurtia_State_University","Ufa_State_Aviation_Technical_University","Vladivostok_State_University_of_Economics","Yaroslavl_State_University","Saint_Petersburg_State_Polytechnical_University","Saint-Petersburg_State_University_of_Information_Technologies,_Mechanics_and_Optics","University_of_Belgrade","University_of_Kragujevac","University_of_Nis","University_of_Novi_Sad","University_of_Subotica","Comenius_University","Matej_Bel_University","Pavol_Jozef_Safarik_University","Slovak_University_of_Technology","Technical_University_of_Kosice","University_of_Presov","University_of_Zilina","Universidad_de_Deusto","University_of_Alicante","University_of_Girona","University_of_Navarra","University_of_Valencia","University_of_Zaragoza","Blekinge_Institute_of_Technology","Chalmers_University_of_Technology","Göteborg_University","Karlstad_University","Karolinska_Institute","Linköping_University","Luleå_University_of_Technology","Lund_University","Royal_Institute_of_Technology","Stockholm_School_of_Economics","Stockholm_University","Swedish_University_of_Agricultural_Sciences","Umeå_University","University_College_of_Borås","University_College_of_Malmö","Uppsala_University","Växjö_University","Örebro_University","American_Graduate_School_of_Business","Berne_University_of_Applied_Sciences","César_Ritz_Colleges","Ecole_hôtelière_de_Genève","Ecole_hôtelière_de_Lausanne","European_Graduate_School","European_Nazarene_College","Global_Trade_Institute","Hotel-_und_Touristikfachschule_Chur","Hotel_Institute_Montreux","Hotel_Management_School_Les_Roches","International_Institute_for_Management_Development","International_University_in_Geneva","Schiller_International_University","Swiss_Business_School_in_Zurich","Swiss_Federal_Institutes_of_Technology","University_IFM_Geneva","University_of_Applied_Sciences_Solothurn","University_of_Basel","University_of_Berne","University_of_Fribourg","University_of_Geneva","University_of_Lausanne","University_of_Neuchatel","University_of_St._Gallen_-_HSG","University_of_Zurich","Università_della_Svizzera_italiana","Webster_University,_Geneva","Zurich_University_of_Applied_Sciences,_Winterthur","Glion_Institute_of_Higher_Education","A","Academic_Departments","Admissions","B","C","Consultancies_and_Services","D","E","England","F","G","Guides_and_Reviews","H","I","J","K","L","M","N","Northern_Ireland","O","Open_University","P","Q","R","S","Scotland","T","U","V","W","Wales","X","Y","Z","University_of_Tehran","Academic_Related","Bar-Ilan_University","Ben_Gurion_University","Colleges","Hebrew_University_of_Jerusalem","Schools","Technion","Tel_Aviv_University","The_Open_University_of_Israel","University_of_Haifa","Weizmann_Institute_of_Science","Al-Quds_Open_University","Al-Quds_University","An-Najah_National_University","Arab_American_University","Bethlehem_Bible_College","Bethlehem_University","Birzeit_University","College_of_Technology","Hebron_University","Islamic_University_of_Gaza","Palestine_Polytechnic_University","Bilkent_University","Bogazici_University","Middle_East_Technical_University","Ankara_University","Dubai_Men's_College","University_of_Science_and_Technology","Academic_Departments","Alberta","British_Columbia","Manitoba","New_Brunswick","Newfoundland_and_Labrador","Northwest_Territories","Nova_Scotia","Ontario","Prince_Edward_Island","Quebec","Saskatchewan","Women's_Colleges","Yukon","Campuses","A","Alabama","Alaska","Argosy_University","Arizona","Arkansas","B","C","California","Colorado","Connecticut","D","Delaware","E","F","Florida","G","Georgia","H","Hawaii","Historically_Black_Colleges","I","Idaho","Illinois","Indiana","Iowa","J","K","Kansas","Kentucky","L","Liberal_Arts_Colleges","Louisiana","M","Maine","Maryland","Massachusetts","Men's_Colleges","Michigan","Minnesota","Mississippi","Missouri","Montana","N","Nebraska","Nevada","New_Hampshire","New_Jersey","New_Mexico","New_York","North_Carolina","North_Dakota","O","Ohio","Oklahoma","Oregon","P","Pennsylvania","Q","R","Rhode_Island","S","South_Carolina","South_Dakota","South_University","T","Tennessee","Texas","Two-Year_Colleges","U","Utah","V","Vermont","Virginia","W","Washington","Washington,_DC","West_Virginia","Wisconsin","Women's_Colleges","Wyoming","X","Y","Z","Law","Veterinary_Medicine","Australian_Capital_Territory","New_South_Wales","Northern_Territory","Queensland","South_Australia","Tasmania","Victoria","Western_Australia","Polytechnics","Universities","Sao_Paulo","Theory","Alphabet","Literature","Lesson_Plans","Detection","Prevention","Hoax_Sites","Africa","Asia","Caribbean","Central_America","Europe","Middle_East","North_America","Oceania","Botswana","Cameroon","Congo,_Democratic_Republic_of_the","Côte_d'Ivoire","Egypt","Ethiopia","Ghana","Kenya","Malawi","Morocco","Nigeria","Senegal","South_Africa","Tanzania","Togo","Zambia","Afghanistan","Bangladesh","Brunei_Darussalam","Cambodia","China","India","Indonesia","Japan","Kazakhstan","Laos","Malaysia","Mongolia","Myanmar","Nepal","Pakistan","Philippines","South_Korea","Sri_Lanka","Taiwan","Thailand","Vietnam","Belgium","Germany","Italy","Netherlands","Norway","Russia","Spain","Switzerland","Canada","Mexico","United_States","Argentina","Brazil","Chile","Colombia","Peru","Venezuela","High_School","University","Located_in_Italy","Dual_Language_Immersion","Lesson_Plans","Materials","United_States","Products_and_Services","Elementary_School","Teacher_Unions","Elementary","High_School","Middle_School","Waldorf","Elementary","High_School","Middle_School","Camps","Distance_Learning","Elementary","Secondary","School_Reform","Behavior","Gifted_Girls","Learning_Disabilities","Perfectionism","Profoundly_Gifted","Underachievement","Arts","History","Language_Arts","Mathematics","Science","Unit_Studies","Used","Correspondence_Schools","Curricula","Family_Pages","Asia","Europe","North_America","Oceania","Baha'i","Christian","Jewish","Muslim","Chats_and_Forums","Chats_and_Forums","Family_Pages","Magazines_and_E-zines","Associations,_Consultants_and_Guides","College_Preparatory","Military","Special_Needs","Australia","Canada","Ireland","New_Zealand","United_Kingdom","United_States","Character_First","Justice","Teacher_Liability_Issues","Holistic_Education","Chats_and_Forums","Content_Resources","Courses","Curriculum_Resources","Implementation","Instructional_Models","Journals","Organizations","Projects","Service_Learning","Software","Teacher_Inquiry","Theory","Organizations","Professional_Development","Subjects","Educators","Organizations","Software","Languages","Science","Language_Learning","Special_Education","Civil_Service","Construction","Education","Finance","Health","Law","Real_Estate","Organizations","Personal_Pages","Training_Centers_and_Programs","Research","Products_and_Services","Manual_Communication","Oral_Communication","Colleges_and_Universities","Articles","Chats_and_Forums","Conferences","Consulting","Directories","Event_Reporting","Methods","Weblogs","Projects_and_Research","Software","California","United_Kingdom","Canada","United_States","Canada","Document_Suppliers","OCLC_and_Regional_Networks","Organizations","Software","Standards","United_Kingdom","Israel","Canada","United_States","Anglo-American_Cataloguing_Rules","Authority_Control","Bibliographic_Utilities","Classification","Commercial_Services","Local_Cataloging_Resources","Metadata","Instructional_Materials","Virtual_Reference_Desk","Chinese","Indian","Japanese","United_Kingdom","Denmark","Netherlands","Finland","France","Germany","Greece","Ireland","Italy","Norway","Russia","Spain","Sweden","Switzerland","Belgium","Asia","Europe","Middle_East","North_America","Oceania","Brazil","United_States","Mexico","Canada","Dependent_Areas","Alabama","Arizona","California","Colorado","Connecticut","Florida","Georgia","Hawaii","Illinois","Indiana","Iowa","Kansas","Kentucky","Louisiana","Maine","Maryland","Massachusetts","Michigan","Minnesota","Mississippi","Missouri","Montana","Nebraska","Nevada","New_Hampshire","New_Jersey","New_Mexico","New_York","North_Carolina","Ohio","Oregon","Pennsylvania","South_Carolina","Tennessee","Texas","Utah","Virginia","Washington","Washington,_DC","Wisconsin","Europe","North_America","Oceania","Holocaust","Wales","Denmark","Ireland","United_Kingdom","Canada","United_States","United_Kingdom","Canada","United_States","Alberta","British_Columbia","Manitoba","New_Brunswick","Newfoundland_and_Labrador","Northwest_Territories","Nova_Scotia","Ontario","Prince_Edward_Island","Quebec","Saskatchewan","Yukon_Territory","Alabama","Alaska","Arizona","Arkansas","California","Colorado","Connecticut","Delaware","Florida","Georgia","Hawaii","Idaho","Illinois","Indiana","Iowa","Kansas","Kentucky","Louisiana","Maine","Maryland","Massachusetts","Michigan","Minnesota","Mississippi","Missouri","Montana","Nebraska","Nevada","New_Hampshire","New_Jersey","New_Mexico","New_York","North_Carolina","North_Dakota","Ohio","Oklahoma","Oregon","Pennsylvania","Rhode_Island","South_Carolina","South_Dakota","Tennessee","Texas","Utah","Vermont","Virginia","Washington","Washington,_DC","Wisconsin","Wyoming","Air_Force","Army","Navy","Asia","Europe","North_America","Oceania","Canada","United_States","United_Kingdom","Canada","United_States","Mining","Canada","United_States","Belgium","Denmark","Finland","Netherlands","Russia","Switzerland","United_Kingdom","Canada","United_States","Denmark","Finland","Germany","Sweden","United_Kingdom","Canada","United_States","Canada","United_States","Abbreviations_and_Acronyms","Calendars","Data_and_Statistics","Phone_Numbers_and_Addresses","Search_Engines_and_Web_Directories","BS_15000","BS_5489","BS_6008","BS_8888","IEC_60417","IEC_60601","ISO_10179","ISO_10303","ISO_10360","ISO_10646","ISO_10744","ISO_12083","ISO_12207","ISO_14048","ISO_15022","ISO_15055","ISO_15056","ISO_15445","ISO_15926","ISO_16949","ISO_17025","ISO_17166","ISO_17878","ISO_19115","ISO_19757","ISO_2014","ISO_2015","ISO_2022","ISO_2146","ISO_216","ISO_28597","ISO_3166","ISO_4217","ISO_639","ISO_8178","ISO_8211","ISO_8601","ISO_8859","ISO_8878","ISO_9000","ISO_9001","ISO_9002","ISO_9004","ISO_9613","ISO_9660","ISO_9735","ISO_9899","ISO_TR_11404","NMEA_0183","NMEA_2000","Africa","Asia","Europe","North_America","Oceania","Tube_Data_Sheets","England_and_Wales","Scotland","Alberta","British_Columbia","Manitoba","New_Brunswick","Newfoundland_and_Labrador","Northwest_Territories","Nova_Scotia","Ontario","Prince_Edward_Island","Quebec","Saskatchewan","Yukon_Territory"
