"Titles","Women's","Online","Handicapping","Basketball","Football","Hockey","American_Football","Cricket","Soccer","Play-By-E-Mail","NCAA_College_Football_2K_Series","NCAA_Football_Series","NCAA_GameBreaker_Series","ABC_Monday_Night_Football_Series","ESPN_NFL_Primetime_2002","ESPN_NFL_Series","Legends_Football_'98","Madden_NFL_Series","NFL_2K_Series","NFL_Blitz_Series","NFL_Fever_Series","NFL_Gameday_Series","NFL_Head_Coach","NFL_Quarterback_Club_Series","NFL_Street_Series","NFL_Xtreme_Series","Unnecessary_Roughness_Series","NFL_Tour","All-Star_Baseball_'99","All-Star_Baseball_2000","All-Star_Baseball_2001","All-Star_Baseball_2002","All-Star_Baseball_2003","All-Star_Baseball_2004","All-Star_Baseball_2005","Cheats_and_Hints","Reviews_and_Previews","Microsoft_Baseball_3D","Microsoft_Baseball_2001","Microsoft_Baseball_2000","High_Heat_Major_League_Baseball_2002","High_Heat_Major_League_Baseball_2003","High_Heat_Major_League_Baseball_2004","Sammy_Sosa_High_Heat_Baseball_2001","High_Heat_Baseball_1999","High_Heat_Baseball_2000","MLB_'98","MLB_'99","MLB_2000","MLB_2001","MLB_2002","MLB_2003","MLB_2004","MLB_Pennant_Race","MLB_2005","MLB_Power_Pros","MLB_08_-_The_Show","MLB_SlugFest_20-03","MLB_SlugFest_20-04","MLB_Slugfest_-_Loaded","MVP_Baseball_2003","MVP_Baseball_2004","Reviews_and_Previews","Triple_Play_2000","Triple_Play_2001","Triple_Play_2002","Triple_Play_98","Triple_Play_99","Bottom_of_the_9th","Bottom_of_the_9th_99","ESPN_-_NBA_2Night","NBA_2K_Series","NBA_Ballers","NBA_Fast_Break","NBA_Hangtime","NBA_Hoopz","NBA_Inside_Drive_Series","NBA_Jam_Series","NBA_Live_Series","NBA_Shootout_Series","NBA_Showtime","NBA_Starting_Five","NBA_Street_Series","NBA_in_the_Zone_Series","NBA_Courtside_Series","NCAA_College_Basketball_2K3","NCAA_Final_Four_Series","NCAA_March_Madness_Series","Reviews_and_Previews","Freestyle_BMX","Freestyle_BMX_-_Maximum_Remix","Freestyle_BMX_2","Freestyle_BMX_3","Centenary_Edition","Pro_BMX","Pro_BMX_2","Reviews_and_Previews","Reviews_and_Previews","Reviews_and_Previews","Real_Pool","Real_Pool_2","Reviews_and_Previews","Reviews_and_Previews","Virtual_Pool","Virtual_Pool_2","Virtual_Pool_3","Virtual_Pool_64","Virtual_Pool_Hall","Brunswick_Circuit_Pro_Bowling","Brunswick_Circuit_Pro_Bowling_2","PBA_Bowling","PBA_Bowling_2","Mike_Tyson_Boxing","Mike_Tyson_Heavyweight_Boxing","Fight_Night_2004","Fight_Night_Round_3","Fight_Night_Round_4","Reviews_and_Previews","Knockout_Kings_1999","Knockout_Kings_2000","Knockout_Kings_2001","Ready_2_Rumble_Boxing","Ready_2_Rumble_Boxing_-_Round_2","Ready_2_Rumble_Revolution","Cheats_and_Hints","Reviews_and_Previews","Contender","Contender_2","Miniature","2Xtreme","3Xtreme","ESPN_Extreme_Games","Peter_Jacobsen's_Golden_Tee_Golf","Golf_Course_Design","Jack_Nicklaus_4","Jack_Nicklaus_5","Jack_Nicklaus_6_Golden_Bear_Challenge","Tournaments","Links_2001","Links_2003","Links_2004","Links_386","Links_LS","Links_LS_1998_Edition","Links_LS_2000","Links_LS_99","Tournaments","Mario_Golf","Mario_Golf_-_Advance_Tour","Mario_Golf_-_Toadstool_Tour","1999_Edition","2001_Edition","1998_Edition","Microsoft_Golf_2.0","Microsoft_Golf_3.0","Tiger_Woods_99","Tiger_Woods_PGA_Tour_06","Tiger_Woods_PGA_Tour_08","Tiger_Woods_PGA_Tour_2000","Tiger_Woods_PGA_Tour_2001","Tiger_Woods_PGA_Tour_2002","Tiger_Woods_PGA_Tour_2003","Tiger_Woods_PGA_Tour_2004","Tiger_Woods_PGA_Tour_Golf","Tiger_Woods_PGA_Tour_Golf_2005","NHL_2K_Series","NHL_Blades_of_Steel","NHL_Breakaway_Series","NHL_FaceOff_Series","NHL_Hitz_Series","NHL_Powerplay_Series","NHL_Series","3_on_3_NHL_Arcade","Gallop_Racer_2004","Gallop_Racer_2006","ECW_Anarchy_Rulz","ECW_Hardcore_Revolution","Rumble_Roses","Rumble_Roses_XX","Ultimate_Muscle_-_Legends_vs._New_Generation","Ultimate_Muscle_-_The_Path_of_the_Superhero","WCW-nWo_Revenge","WCW-nWo_Thunder","WCW_Backstage_Assault","WCW_Mayhem","WCW_Nitro","Day_of_Reckoning_Series","Raw_is_War","SmackDown_Series","WWE_Crush_Hour","WWF_Attitude","WWF_In_Your_House","WWF_No_Mercy","WWF_Raw","WWF_Royal_Rumble","WWF_Warzone","Wrestlemania_Series","Reviews_and_Previews","American_Wasteland","Cheats_and_Hints","Downhill_Jam","Pro_Skater","Pro_Skater_2","Pro_Skater_2x","Pro_Skater_3","Pro_Skater_4","Project_8","Reviews_and_Previews","Underground","Underground_2","Proving_Ground","Motion","Reviews_and_Previews","Jet_Set_Radio","Jet_Set_Radio_Future","Reviews_and_Previews","Reviews_and_Previews","Reviews_and_Previews","Reviews_and_Previews","1080_Avalanche","1080_Snowboarding","Amped_-_Freestyle_Snowboarding","Amped_2","Amped_3","Reviews_and_Previews","Cool_Boarders","Cool_Boarders_2","Cool_Boarders_2001","Cool_Boarders_3","Cool_Boarders_4","Reviews_and_Previews","SSX","SSX_-_Out_of_Bounds","SSX_3","SSX_Blur","SSX_Tricky","Championship_Manager_-_Season_00-01","Championship_Manager_-_Season_03-04","Championship_Manager_Quiz","FIFA_06","FIFA_07","FIFA_08","FIFA_2000","FIFA_2001","FIFA_2002","FIFA_2003","FIFA_2004","FIFA_96","FIFA_97","FIFA_98","FIFA_99","FIFA_Soccer_64","FIFA_09","ISS_Pro_Evolution","ISS_Pro_Evolution_2","Pro_Evolution_Soccer_4","Pro_Evolution_Soccer_2008","Winning_Eleven_6","Winning_Eleven_7","Mario_Power_Tennis","Mario_Tennis","Reviews_and_Previews","Tennis_2K2","Virtua_Tennis","Virtua_Tennis_3","Virtua_Tennis_2009","Top_Spin_2","Top_Spin_3","Top_Spin","Cheats_and_Hints","Reviews_and_Previews","Reviews_and_Previews","Reviews_and_Previews","Wave_Race_-_Blue_Storm","Wave_Race_64","Football","Tennis","Aquatiques","Comaneci,_Nadia","Retton,_Mary_Lou","Strug,_Kerri","Leagues","Teams","United_States","American_Football","Archery","Athletics","Badminton","Baseball","Basketball","Billiards","Bowling","Boxing","Canoes_and_Kayaks","Country_Sports","Cricket","Croquet","Curling","Cycling","Darts","Disability","Dog_Racing","Equestrian","Extreme_Sports","Fencing","Flying_Discs","Football","Goalball","Golf","Gymnastics","Hockey","Kabbadi","Korfball","Martial_Arts","Motorsport","Mountain_Sports","Multi-Sports","Orienteering","Paintball","Petanque","Rowing","Rugby","Running","Skating","Skydiving","Snooker","Softball","Squash","Surfing","Swimming","Table_Tennis","Target_Shooting","Tchoukball","Tennis","Track_and_Field","Volleyball","Water_Sports","Wrestling","Formula_One","Atlantic_Ten","Big_East","Big_Ten","Anabolic_Steroids","Electric","Parts_and_Accessories","Alabama,_University_of","American_University","Arizona_State_University","Arkansas,_University_of","California-Los_Angeles,_University_of","Central_Florida,_University_of","Connecticut,_University_of","Cornell_University","Dayton,_University_of","Duke_University","East_Carolina_University","Eastern_Connecticut_State_University","Florida,_University_of","Florida_State_University","Georgia,_University_of","Harvard_University","Illinois,_University_of","Kansas,_University_of","Kentucky,_University_of","Louisiana_Tech_University","Memphis,_University_of","Michigan,_University_of","Michigan_State_University","Military_Academy,_United_States","Mississippi_State_University","Naval_Academy,_US","Nebraska,_University_of","Nevada-Las_Vegas,_University_of","North_Carolina-Chapel_Hill,_University_of","North_Carolina_State_University","Northwestern_University","Notre_Dame,_University_of","Ohio_State_University","Oklahoma,_University_of","Oregon_State_University","Pennsylvania_State_University","Rutgers_University","South_Carolina,_University_of","South_Florida,_University_of","Stanford_University","Syracuse_University","Tennessee,_University_of","Texas,_University_of","Texas_A&amp;M_University","Texas_Tech_University","Virginia,_University_of","Virginia_Tech","Western_Illinois_University","Wisconsin,_University_of","Yale_University","Light","Magnetic","Herbal","Treats","Atlanta_Falcons","Baltimore_Ravens","Cleveland_Browns","Dallas_Cowboys","Denver_Broncos","Green_Bay_Packers","Houston_Texans","Indianapolis_Colts","Jacksonville_Jaguars","Kansas_City_Chiefs","Miami_Dolphins","Minnesota_Vikings","New_Orleans_Saints","Oakland_Raiders","Pittsburgh_Steelers","San_Diego_Chargers","Tampa_Bay_Buccaneers","Tennessee_Titans","Washington_Redskins","New_England_Patriots","New_York_Giants","Goalie_Specialists","Jersey_Specialists","Stick_Specialists","Fitness_and_Conditioning","Car_and_Chassis","Engine","Formula_One","NASCAR","Lubricants","Wheels_and_Tires","Paddles","Shaping_and_Glassing","Germany","Netherlands","Spain","United_Kingdom","Canada","United_States","Australia","Alabama","Alaska","Arizona","Arkansas","California","Colorado","Connecticut","Delaware","Florida","Georgia","Hawaii","Idaho","Illinois","Indiana","Iowa","Kansas","Kentucky","Louisiana","Maine","Maryland","Massachusetts","Michigan","Minnesota","Mississippi","Missouri","Montana","Nebraska","Nevada","New_Hampshire","New_Jersey","New_Mexico","New_York","North_Carolina","North_Dakota","Ohio","Oklahoma","Oregon","Pennsylvania","Rhode_Island","South_Carolina","South_Dakota","Tennessee","Texas","Utah","Vermont","Virginia","Washington","Washington,_DC","West_Virginia","Wisconsin","Wyoming","Albany","Binghamton","Hartford","Maine","Maryland_-_Baltimore_County","Stony_Brook","Vermont","Dayton","Duquesne","Fordham","George_Washington","La_Salle","Massachusetts","North_Carolina_-_Charlotte","Rhode_Island","Richmond","Saint_Louis","St._Bonaventure","St._Joseph's","Temple","Xavier","Boston_College","Clemson","Duke","Florida_State","Georgia_Tech","Maryland","Miami,_FL","North_Carolina","North_Carolina_State","Virginia","Virginia_Tech","Wake_Forest","Belmont","Campbell","East_Tennessee_State","Gardner-Webb","Jacksonville","Kennesaw_State","Lipscomb","Mercer","North_Florida","Stetson","Florida_Gulf_Coast","USC_Upstate","Baylor","Kansas","Kansas_State","Missouri","Nebraska","Oklahoma","Oklahoma_State","Texas","Texas_A&amp;M","Texas_Tech","Cincinnati","Connecticut","Georgetown","Louisville","Notre_Dame","Pittsburgh","Rutgers","Seton_Hall","South_Florida","St._John's","Villanova","West_Virginia","Charleston_Southern","Coastal_Carolina","High_Point","Liberty","North_Carolina_-_Asheville","Radford","Virginia_Military_Institute","Winthrop","Illinois","Indiana","Iowa","Michigan","Michigan_State","Minnesota","Northwestern","Ohio_State","Penn_State","Purdue","Cal_State_Fullerton","Cal_State_Northridge","California_-_Irvine","California_-_Riverside","California_-_Santa_Barbara","California_Poly","Long_Beach_State","Pacific","California_-_Davis","Delaware","George_Mason","Georgia_State","Hofstra","James_Madison","North_Carolina_-_Wilmington","Northeastern","Old_Dominion","Towson","Virginia_Commonwealth","William_and_Mary","Alabama_-_Birmingham","Central_Florida","East_Carolina","Houston","Marshall","Memphis","Rice","Southern_Mississippi","Tulane","Butler","Cleveland_State","Illinois_-_Chicago","Wisconsin_-_Milwaukee","Wright_State","Youngstown_State","Valparaiso","Brown","Columbia","Cornell","Dartmouth","Harvard","Pennsylvania","Princeton","Yale","Canisius","Fairfield","Iona","Manhattan","Marist","Niagara","Rider","Siena","St._Peter's","Akron","Ball_State","Bowling_Green","Buffalo","Central_Michigan","Eastern_Michigan","Kent","Miami_of_Ohio","Northern_Illinois","Ohio","Toledo","Western_Michigan","Chicago_State","Dallas_Baptist","Hawaii-Hilo","LeMoyne","Longwood","New_Jersey_Tech","New_York_Tech","North_Carolina_Central","Northern_Colorado","Savannah_State","Texas-Pan_American","Utah_Valley_State","Bethune-Cookman","Coppin_State","Delaware_State","Florida_A&amp;M","Maryland_-_Eastern_Shore","Norfolk_State","North_Carolina_A&amp;T","Bradley","Creighton","Evansville","Illinois_State","Indiana_State","Missouri_State","Northern_Iowa","Southern_Illinois","Wichita_State","Air_Force","Brigham_Young","Las_Vegas","New_Mexico","San_Diego_State","Texas_Christian","Utah","Central_Connecticut","Fairleigh_Dickinson","Long_Island_-_Brooklyn","Monmouth","Mount_St._Mary's","Quinnipiac","Sacred_Heart","Wagner","Austin_Peay","Eastern_Illinois","Eastern_Kentucky","Jacksonville_State","Morehead_State","Murray_State","Samford","Southeast_Missouri_State","Tennessee_-_Martin","Tennessee_Tech","Arizona","Arizona_State","California","California_-_Los_Angeles","Oregon_State","Southern_California","Stanford","Washington","Washington_State","Army","Bucknell","Holy_Cross","Lafayette","Lehigh","Navy","Alabama","Arkansas","Auburn","Florida","Georgia","Kentucky","Louisiana_State","Mississippi","Mississippi_State","South_Carolina","Tennessee","Vanderbilt","Appalachian_State","Charleston","Davidson","Elon","Furman","Georgia_Southern","North_Carolina_-_Greensboro","The_Citadel","Western_Carolina","Wofford","Central_Arkansas","Lamar","McNeese_State","Nicholls_State","Northwestern_State","Sam_Houston_State","Southeastern_Louisiana","Stephen_F._Austin","Texas_-_Arlington","Texas_-_San_Antonio","Texas_A&amp;M_-_Corpus_Christi","Texas_State_-_San_Marcos","Alabama_A&amp;M","Alabama_State","Alcorn_State","Arkansas_-_Pine_Bluff","Grambling_State","Jackson_State","Mississippi_Valley_State","Prairie_View_A&amp;M","Southern","Texas_Southern","Arkansas_-_Little_Rock","Arkansas_State","Florida_Atlantic","Florida_International","Louisiana-Lafayette","Louisiana-Monroe","Middle_Tennessee_State","New_Orleans","South_Alabama","Troy","Western_Kentucky","Gonzaga","Loyola_Marymount","Pepperdine","Portland","San_Diego","San_Francisco","Santa_Clara","St._Marys_CA","Fresno_State","Hawaii","Louisiana_Tech","Nevada","New_Mexico_State","Sacramento_State","San_Jose_State","Centenary","Oakland","Oral_Roberts","Southern_Utah","Western_Illinois","IUPU-Fort_Wayne","North_Dakota_State","South_Dakota_State","Commonwealth_League","Freedom_League","Minor_League_Affiliates","News_and_Media","Players","Minor_League_Affiliates","News_and_Media","Players","Minor_League_Affiliates","News_and_Media","Players","Fenway_Park","Minor_League_Affiliates","News_and_Media","Minor_League_Affiliates","News_and_Media","Players","Wrigley_Field","Comiskey_Park","Minor_League_Affiliates","News_and_Media","Players","Minor_League_Affiliates","News_and_Media","Players","Minor_League_Affiliates","News_and_Media","Players","Minor_League_Affiliates","News_and_Media","Players","Minor_League_Affiliates","News_and_Media","Players","Minor_League_Affiliates","News_and_Media","Players","Minor_League_Affiliates","News_and_Media","Players","Minor_League_Affiliates","News_and_Media","Players","Minor_League_Affiliates","News_and_Media","Players","Minor_League_Affiliates","News_and_Media","Players","Players","Minor_League_Affiliates","News_and_Media","Players","Minor_League_Affiliates","News_and_Media","Players","Minor_League_Affiliates","News_and_Media","Players","Minor_League_Affiliates","News_and_Media","Players","Minor_League_Affiliates","News_and_Media","Players","Minor_League_Affiliates","News_and_Media","Players","Minor_League_Affiliates","News_and_Media","Players","Minor_League_Affiliates","News_and_Media","Players","Minor_League_Affiliates","News_and_Media","Players","Minor_League_Affiliates","News_and_Media","Players","Players","Minor_League_Affiliates","News_and_Media","Players","Minor_League_Affiliates","News_and_Media","Players","Minor_League_Affiliates","News_and_Media","Players","Minor_League_Affiliates","News_and_Media","Players","Minor_League_Affiliates","News_and_Media","Players","California_League","Carolina_League","Florida_State_League","Midwest_League","New_York-Penn_League","Northwest_League","South_Atlantic_League","Eastern_League","Southern_League","Texas_League","International_League","Mexican_League","Pacific_Coast_League","American_Association","Atlantic_League","Can-Am_League","Central_League","Frontier_League","Northern_League","Southeastern_League","United_League","Appalachian_League","Pioneer_League","Aaron,_Hank","Abbott,_Jim","Agbayani,_Benny","Alfonzo,_Edgardo","Allen,_Dick","Alomar,_Roberto","Alomar,_Sandy","Alou,_Moises","Anderson,_Brady","Anderson,_Brian","Anderson,_Garret","Anderson,_Matt","Ankiel,_Rick","Appier,_Kevin","Ashburn,_Richie","Ashby,_Andy","Avery,_Steve","Baerga,_Carlos","Bagwell,_Jeff","Baines,_Harold","Ball,_Cornelius","Banks,_Ernie","Bell,_Derek","Bell,_Jay","Belle,_Albert","Bellhorn,_Mark","Bench,_Johnny","Benes,_Andy","Benson,_Kris","Berra,_Yogi","Biggio,_Craig","Bithorn,_Hiram","Boggs,_Wade","Bonds,_Barry","Boone,_Bret","Boudreau,_Lou","Brett,_George","Buhner,_Jay","Burks,_Ellis","Burrell,_Patrick","Bush,_Owen","Byrd,_Marlon","Cameron,_Mike","Caminiti,_Ken","Campanella,_Roy","Canseco,_Jose","Carlton,_Steve","Carter,_Gary","Castilla,_Vinny","Cepeda,_Orlando","Chavez,_Eric","Christenson,_Ryan","Cirillo,_Jeff","Clark,_Tony","Clayton,_Royce","Clemens,_Roger","Clemente,_Roberto","Cobb,_Ty","Collins,_Eddie","Cone,_David","Conigliaro,_Tony","Conine,_Jeff","Contreras,_Jose","Coomer,_Ron","Damon,_Johnny","Daubach,_Brian","Davis,_Ben","Delgado,_Carlos","Dellucci,_David","DiMaggio,_Joe","Diaz,_Bo","Drew,_JD","Drysdale,_Don","Dye,_Jermaine","Eckstein,_David","Edmonds,_Jim","Ellis,_Mark","Encarnacion,_Juan","Ensberg,_Morgan","Erickson,_Scott","Estes,_Shawn","Everett,_Carl","Feng,_Chen_Chin","Fidrych,_Mark","Fingers,_Rollie","Fisk,_Carlton","Floyd,_Cliff","Ford,_Whitey","Fox,_Nellie","Fox,_Pete","Foxx,_Jimmie","Franco,_John","Fullmer,_Brad","Gaedel,_Eddie","Gagne,_Eric","Garagiola,_Joe","Garcia,_Freddy","Garciapara,_Michael","Garciaparra,_Nomar","Gedman,_Rich","Gehrig,_Lou","George,_Chris","Gerut,_Jody","Giambi,_Jason","Giambi,_Jeremy","Gibbons,_Jay","Gibson,_Bob","Gil,_Benji","Giles,_Brian","Giles,_Marcus","Gipson,_Charles","Glanville,_Doug","Glaus,_Troy","Glavine,_Tom","Gomez,_Lefty","Gonzalez,_Juan","Gonzalez,_Luis_E.","Grace,_Mark","Grant,_Mark","Graves,_Danny","Grebeck,_Craig","Green,_Shawn","Greenberg,_Hank","Greenwell,_Mike","Greer,_Rusty","Greinke,_Zack","Grieve,_Ben","Griffey,_Ken,_Jr.","Gruber,_Kelly","Grudzielanek,_Mark","Guerrero,_Vladimir","Gwynn,_Tony","Hammonds,_Jeffrey","Hampton,_Mike","Hatcher,_Billy","Helton,_Todd","Henderson,_Rickey","Hentgen,_Pat","Hernandez,_Orlando","Herrmann,_Ed","Hicks,_Ralph","Higginson,_Bobby","Hillenbrand,_Shea","Hinch,_A._J.","Hough,_Charlie","Hoy,_Dummy","Hudson,_Tim","Irabu,_Hideki","Isringhausen,_Jason","Jackson,_Joe","Jackson,_Reggie","Jansen,_Larry","Jenkins,_Geoff","Jennings,_Doug","Jeter,_Derek","Johnson,_Randy","Johnson,_Walter","Jones,_Andruw","Jones,_Chipper","Justice,_David","Kapler,_Gabe","Kendall,_Jason","Kennedy,_Joe","Killebrew,_Harmon","Kingman,_Dave","Klesko,_Ryan","Knoblauch,_Chuck","Koch,_Billy","Konerko,_Paul","Koufax,_Sandy","Kruk,_John","Lajoie,_Napoleon","Lankford,_Ray","Larkin,_Barry","Lilly,_Ted","Livingston,_Bobby","Lofton,_Kenny","Lopez,_Javy","Lynn,_Fred","Maddux,_Greg","Mantei,_Matt","Mantle,_Mickey","Maris,_Roger","Martin,_Billy","Martinez,_Pedro","Martinez,_Tino","Mathews,_Eddie","Mathewson,_Christy","Matsui,_Hideki","Matsui,_Kazuo","Mattingly,_Don","Mays,_Willie","McCarver,_Tim","McCovey,_Willie","McDonald,_John","McGriff,_Fred","McGwire,_Mark","Meadows,_Brian","Michaels,_Jason","Molitor,_Paul","Mueller,_Bill","Mulder,_Mark","Mungo,_Van_Lingle","Murphy,_Dale","Murray,_Eddie","Musial,_Stan","Mussina,_Mike","Naehring,_Tim","Nitkowski,_C._J.","Nixon,_Trot","Nomo,_Hideo","O'Neill,_Paul","Ojeda,_Augie","Ott,_Mel","Owens,_Eric","Palmeiro,_Rafael","Park,_Chan_Ho","Pavano,_Carl","Payton,_Jay","Pena,_Carlos","Penny,_Brad","Perez,_Tony","Person,_Robert","Pettitte,_Andy","Phelps,_Josh","Piazza,_Mike","Pierre,_Juan","Pierzynski,_John","Podsednik,_Scott","Polanco,_Placido","Ponson,_Sidney","Posada,_Jorge","Pride,_Curtis","Prinz,_Bret","Prior,_Mark","Puckett,_Kirby","Pujols,_Albert","Radinsky,_Scott","Ramirez,_Manny","Renteria,_Edgar","Rice,_Jim","Ripken,_Cal,_Jr.","Rivers,_Mickey","Roberts,_Brian","Roberts,_Robin","Robinson,_Brooks","Robinson,_Frank","Robinson,_Jackie","Rocker,_John","Rodriguez,_Alex","Rodriguez,_Ivan","Rollins,_Jimmy","Rose,_Brian","Rose,_Pete","Ruth,_Babe","Ryan,_Nolan","Sabathia,_C.C.","Sanchez,_Freddy","Sanders,_David","Schilling,_Curt","Schmidt,_Mike","Segui,_David","Sexson,_Richie","Sisler,_George","Slaughter,_Enos","Smith,_Bud","Smith,_Ozzie","Smoltz,_John","Snow,_J.T.","Soriano,_Alfonso","Sosa,_Sammy","Spooneybarger,_Tim","Stargell,_Willie","Strawberry,_Darryl","Suzuki,_Ichiro","Suzuki,_Makato","Tate,_Randy","Tatis,_Fernando","Thomas,_Frank","Thompson,_Justin","Towers,_Josh","Trammell,_Alan","Trout,_Paul","Tsao,_Chin-Hui","Uecker,_Bob","Valentin,_John","Vaughn,_Mo","Ventura,_Robin","Victorino,_Shane","Wagner,_Billy","Wagner,_Honus","Waitkis,_Eddie","Wakefield,_Tim","Walker,_Larry","Weaver,_Jeff","Weeks,_Rickie","Weiss,_Walt","Wells,_David","Williams,_Bernie","Williams,_Gerald","Williams,_Ted","Wills,_Maury","Wilson,_Dan","Wilson,_Hack","Wilson,_Jack","Wise,_Rick","Witasick,_Jay","Wohlers,_Mark","Wood,_Kerry","Wright,_Dan","Wright,_Jamey","Wright,_Jaret","Yastrzemski,_Carl","Yoshii,_Masato","Young,_Cy","Young,_Dmitri","Yount,_Robin","Zeile,_Todd","Zito,_Barry","Canadian_Region","Coaching","US_Central_Region","US_Eastern_Region","US_Southern_Region","US_Western_Region","East_Zone","North_Zone","South_Zone","West_Zone","Central","East","West","Albany","Binghamton","Boston_University","Hartford","Maine","Maryland-Baltimore","New_Hampshire","New_York_-_Stony_Brook","Vermont","Charlotte","Dayton","Duquesne","Fordham","George_Washington","La_Salle","Massachusetts","Rhode_Island","Richmond","Saint_Louis","St._Bonaventure","St._Joseph's","Temple","Xavier","Boston_College","Clemson_University","Duke_University","Florida_State_University","Georgia_Tech","North_Carolina_State_University","University_of_Maryland","University_of_Miami","University_of_North_Carolina","University_of_Virginia","Virginia_Tech","Wake_Forest_University","Belmont","Campbell","East_Tennessee_State","Florida_Gulf_Coast","Jacksonville","Mercer","Stetson","Lipscomb","Gardner-Webb","USC_Upstate","North_Florida","Kennesaw_State","Baylor_University","Iowa_State_University","Kansas_State_University","Oklahoma_State_University","Texas_A&amp;M_University","Texas_Tech_University","University_of_Colorado","University_of_Kansas","University_of_Missouri","University_of_Nebraska","University_of_Oklahoma","University_of_Texas","Cincinnati","Connecticut","DePaul","Georgetown","Louisville","Marquette","Notre_Dame","Pittsburgh","Providence","Rutgers","Seton_Hall","South_Florida","St._Johns","Syracuse","Villanova","West_Virginia","Eastern_Washington","Idaho_State","Montana","Montana_State","Northern_Arizona","Portland_State","Sacramento_State","Weber_State","Charleston_Southern","Coastal_Carolina","High_Point","Liberty","North_Carolina_-_Asheville","Radford","Virginia_Military_Institute","Winthrop","Indiana_University","Michigan_St._University","Northwestern","Ohio_State_University","Penn_State","Purdue","University_of_Illinois","University_of_Iowa","University_of_Michigan","University_of_Minnesota","University_of_Wisconsin","CSU_Northridge","California_Poly","Fullerton_State","Long_Beach_State","Pacific","UC_Irvine","UC_Riverside","UC_Santa_Barbara","Delaware","Drexel","George_Mason","Georgia_State","Hofstra","James_Madison","North_Carolina_-_Wilmington","Northeastern","Old_Dominion","Towson_State","Virginia_Commonwealth","William_and_Mary","Alabama_Birmingham","Central_Florida","East_Carolina","Houston","Marshall","Memphis","Rice","Southern_Methodist","Southern_Mississippi","Texas_-_El_Paso","Tulane","Tulsa","Butler","Cleveland_State","Detroit_Mercy","Illinois-Chicago","Loyola-Chicago","Wisconsin-Green_Bay","Wisconsin-Milwaukee","Wright_State_University","Youngstown_State","IPFW_-_Fort_Wayne","Savannah_State","Texas_-_Pan_American","Texas_A&amp;M_-_Corpus_Christi","Brown","Columbia","Cornell","Dartmouth","Harvard","Pennsylvania","Princeton","Yale","Canisius","Fairfield","Iona","Loyola,_MD","Manhattan","Marist","Niagara","Rider","Siena","St._Peters","Akron","Ball_State","Bowling_Green","Buffalo","Central_Michigan","Eastern_Michigan","Kent_State","Miami_of_Ohio","Northern_Illinois","Ohio","Toledo","Western_Michigan","Bethune-Cookman","Coppin_State","Delaware_State","Florida_A&amp;M","Hampton","Howard","Maryland-Eastern_Shore","Morgan_State","Norfolk_State","North_Carolina_A&amp;T","South_Carolina_State","Bradley","Creighton","Drake","Evansville","Illinois_State","Indiana_State","Northern_Iowa","Southern_Illinois","Southwest_Missouri_State","Wichita_State","Air_Force","Brigham_Young","Colorado_State","New_Mexico","San_Diego_State","Texas_Christian","UNLV","Utah","Wyoming","Central_Connecticut","Fairleigh_Dickinson","LIU_Brooklyn","Monmouth","Mount_Saint_Mary's","Quinnipiac","Robert_Morris","Sacred_Heart","St._Francis_-_NY","St._Francis_-_PA","Wagner","Austin_Peay","Eastern_Illinois","Eastern_Kentucky","Jacksonville_State","Morehead_State","Murray_State","Samford","Southeast_Missouri_State","Tennessee-Martin","Tennessee_State","Tennessee_Tech","Arizona","Arizona_State","California","Oregon","Oregon_State","Stanford","UCLA","USC","Washington","Washington_State","American","Army","Bucknell","Colgate","Holy_Cross","Lafayette","Lehigh","Navy","Alabama","Arkansas","Auburn","Florida","Georgia","Kentucky","Louisiana_State","Mississippi","Mississippi_State","South_Carolina","Tennessee","Vanderbilt","Appalachian_State","College_of_Charleston","Davidson","Elon","Furman","Georgia_Southern","North_Carolina-Greensboro","Tennessee-Chattanooga","The_Citadel","Western_Carolina","Wofford","Central_Arkansas","Lamar","McNeese_State","Nicholls_State","Northwestern_State","Sam_Houston_State","Southeastern_Louisiana","Stephen_F._Austin","Texas-Arlington","Texas-San_Antonio","Texas_A&amp;M_-_Corpus_Christi","Texas_State_University_-_San_Marcos","Alabama_A&amp;M","Alabama_State","Alcorn_State","Arkansas-Pine_Bluff","Grambling_State","Jackson_State","Mississippi_Valley_State","Prairie_View_A&amp;M","Southern","Texas_Southern","Arkansas-Little_Rock","Arkansas_State","Denver","Florida_Atlantic","Florida_International","Louisiana-Lafayette","Louisiana-Monroe","Middle_Tennessee","New_Orleans","North_Texas","South_Alabama","Troy","Western_Kentucky","Gonzaga","Loyola_Marymount","Pepperdine","Portland","San_Diego","San_Francisco","Santa_Clara","St._Mary's_California","Boise_State","Fresno_State","Hawaii","Idaho","Louisiana_Tech","Nevada","New_Mexico_State","San_Jose_State","Utah_State","Centenary","Chicago_State","IUPUI","Missouri_-_Kansas_City","Oakland","Oral_Roberts","Southern_Utah","Valparaiso","Western_Illinois","Fan_Pages","News_and_Media","Players","Fan_Pages","News_and_Media","Players","News_and_Media","News_and_Media","Players","Fan_Pages","News_and_Media","Players","Fan_Pages","News_and_Media","Players","Fan_Pages","News_and_Media","Players","Fan_Pages","News_and_Media","Players","News_and_Media","Players","Fan_Pages","News_and_Media","Players","Fan_Pages","News_and_Media","Players","Fan_Pages","News_and_Media","Players","Fan_Pages","News_and_Media","Players","Fan_Pages","News_and_Media","Players","Fan_Pages","News_and_Media","Players","Fan_Pages","News_and_Media","Players","Fan_Pages","News_and_Media","Players","Fan_Pages","News_and_Media","Players","Fan_Pages","News_and_Media","Players","Fan_Pages","News_and_Media","Players","Magazines_and_E-zines","Fan_Pages","News_and_Media","Players","Fan_Pages","News_and_Media","Fan_Pages","News_and_Media","Players","A","B","C","D","E","F","Foundations","G","H","I","J","K","L","M","N","News_and_Media","O","P","Q","R","Retired","S","T","U","V","W","X","Y","Z","Fan_Pages","News_and_Media","Players","Fan_Pages","News_and_Media","Players","Fan_Pages","News_and_Media","Players","News_and_Media","Players","Fan_Pages","News_and_Media","Players","Fan_Pages","News_and_Media","Players","Fan_Pages","News_and_Media","Players","Players","New_South_Wales","Queensland","South_Australia","Victoria","Western_Australia","ACAA","ACAC","BCCAA","OCAA","QSSF","AUS","Canada_West","GPAC","OUA","QSSF","A","B","C","Conferences","D","E","F","G","H","I","J","K","L","M","N","O","P","Q","R","S","Statistics","T","U","V","W","X","Y","Z","American_Midwest_Conference","Frontier_Conference","Golden_State_Athletic_Conference","Gulf_Coast_Athletic_Conference","Mid-South_Conference","Red_River_Athletic_Conference","Sooner_Athletic_Conference","TranSouth_Athletic_Conference","Independents","American_Mideast_Conference","Appalachian_Athletic_Conference","California_Pacific_Conference","Cascade_Collegiate_Conference","Dakota_Athletic_Conference","Florida_Sun_Conference","Great_Plains_Athletic_Conference","Mid-Central_College_Conference","Midwest_Collegiate_Conference","Sunrise_Conference","Chicagoland_Collegiate_Athletic_Conference","Southern_States_Athletic_Conference","Heart_of_America_Athletic_Conference","Kansas_Collegiate_Athletic_Conference","Kentucky_Intercollegiate_Athletic_Conference","Midlands_Collegiate_Athletic_Conference","Wolverine-Hoosier_Athletic_Conference","A","America_East_Conference","Atlantic_10_Conference","Atlantic_Coast_Conference","Atlantic_Sun_Conference","B","Big_12_Conference","Big_East_Conference","Big_Sky_Conference","Big_South_Conference","Big_Ten_Conference","Big_West_Conference","C","Colonial_Athletic_Association","Conference_USA","D","E","F","G","H","Horizon_League","I","Independents","Ivy_League","J","K","L","M","Metro_Atlantic_Athletic_Conference","Mid-American_Conference","Mid-Eastern_Athletic_Conference","Missouri_Valley_Conference","Mountain_West_Conference","N","Northeast_Conference","O","Ohio_Valley_Conference","P","Pacific-10_Conference","Patriot_League","Q","R","S","Southeastern_Conference","Southern_Conference","Southland_Conference","Southwestern_Athletic_Conference","Sun_Belt_Conference","T","U","V","W","West_Coast_Conference","Western_Athletic_Conference","X","Y","Z","Summit_League","Independents","Peach_Belt_Conference","Conference_Carolinas","Central_Intercollegiate_Athletic_Association","Gulf_South_Conference","Great_Lakes_Intercollegiate_Athletic_Conference","Great_Lakes_Valley_Conference","Heartland_Conference","Lone_Star_Conference","North_Central_Conference","Mid-America_Intercollegiate_Athletics_Association","Northeast-10_Conference","Northern_Sun_Intercollegiate_Conference","South_Atlantic_Conference","Rocky_Mountain_Athletic_Conference","Sunshine_State_Conference","East_Coast_Conference","West_Virginia_Intercollegiate_Athletic_Conference","Pacific_West_Conference","California_Collegiate_Athletic_Association","Central_Atlantic_Collegiate_Conference","Great_Northwest_Athletic_Conference","Pennsylvania_State_Athletic_Conference","Southern_Intercollegiate_Athletic_Conference","Capital_Athletic_Conference","Allegheny_Mountain_Collegiate_Conference","American_Southwest_Conference","Northern_Athletics_Conference","Centennial_Conference","Landmark_Conference","Commonwealth_Coast_Conference","City_University_of_New_York_Athletic_Conference","College_Conference_of_Illinois_and_Wisconsin","Empire_8","Great_South_Athletic_Conference","Great_Northeast_Athletic_Conference","Independents","Heartland_Collegiate_Athletic_Conference","Liberty_League","Iowa_Intercollegiate_Athletic_Conference","Little_East_Conference","Presidents'_Athletic_Conference","Midwest_Conference","Massachusetts_State_Collegiate_Athletic_Conference","Michigan_Intercollegiate_Athletic_Association","New_Jersey_Athletic_Conference","Minnesota_Intercollegiate_Athletic_Conference","New_England_Small_College_Athletic_Conference","New_England_Women's_and_Men's_Athletic_Conference","North_Atlantic_Conference","North_Coast_Athletic_Conference","Northwest_Conference","North_Eastern_Athletic_Conference","Ohio_Athletic_Conference","Old_Dominion_Athletic_Conference","Middle_Atlantic_Conference","Skyline_Conference","University_Athletic_Association","Southern_California_Intercollegiate_Athletic_Conference","Southern_Collegiate_Athletic_Conference","State_University_of_New_York_Athletic_Conference","St._Louis_Intercollegiate_Athletic_Conference","USA_South_Athletic_Conference","Upper_Midwest_Athletic_Conference","Wisconsin_Intercollegiate_Athletic_Conference","Colonial_States_Athletic_Conference","Teams","Archives","Abrosimova,_Svetlana","Azzi,_Jennifer","Beard,_Alana","Bevilaqua,_Tully","Bird,_Sue","Bolton-Holifield,_Ruthie","Byears,_Latasha","Catchings,_Tamika","Cooper,_Cynthia","Dydek,_Malgorzata","Edwards,_Teresa","Enis,_Shalonda","Folkl,_Kristin","Griffith,_Yolanda","Hammon,_Becky","Harrison,_Lisa","Harrower,_Kristi","Holdsclaw,_Chamique","Holland-Corn,_Kedra","Jackson,_Lauren","Jackson,_Tamicha","Lobo,_Rebecca","Marciniak,_Michelle","McCray,_Nikki","Penicheiro,_Ticha","Pointer,_Tasha","Randall,_Semeka","Riley,_Ruth","Smith,_Katie","Starbird,_Kate","Stepanova,_Maria","Stiles,_Jackie","Still,_Valerie","Sutton-Brown,_Tammy","Taurasi,_Diana","Taylor,_Penny","Thompson,_Tina","Timms,_Michele","Weatherspoon,_Teresa","Whalen,_Lindsay","Wideman,_Jamila","Williams,_Adrain","Charlotte_Sting","Chicago_Sky","Cleveland_Rockers","Connecticut_Sun","Detroit_Shock","Fan_Pages","Houston_Comets","Indiana_Fever","Los_Angeles_Sparks","Minnesota_Lynx","New_York_Liberty","Phoenix_Mercury","Sacramento_Monarchs","San_Antonio_Silver_Stars","Seattle_Storm","Washington_Mystics","Alabama","Arizona","Arkansas","California","Colorado","Connecticut","Florida","Georgia","Idaho","Illinois","Indiana","Iowa","Kansas","Kentucky","Louisiana","Maine","Maryland","Massachusetts","Michigan","Minnesota","Missouri","Nebraska","Nevada","New_Hampshire","New_Jersey","New_Mexico","New_York","North_Carolina","North_Dakota","Ohio","Oklahoma","Oregon","Pennsylvania","Rhode_Island","Tennessee","Texas","Vermont","Virginia","Washington","West_Virginia","Wisconsin","Alaska","Arizona","Arkansas","California","Florida","Georgia","Idaho","Illinois","Indiana","Kansas","Kentucky","Louisiana","Maine","Massachusetts","Michigan","Minnesota","Missouri","Nebraska","New_Jersey","New_York","North_Dakota","Ohio","Oklahoma","Pennsylvania","South_Dakota","Tennessee","Texas","Virginia","Washington","Wisconsin","Wyoming","Maine","Massachusetts","New_Hampshire","Maryland","United_Kingdom","Canada","United_States","Australia","New_Zealand","Illinois","North_Carolina","South_Carolina","Wisconsin","Illinois","America_East_Conference","Atlantic_10_Conference","Atlantic_Coast_Conference","Atlantic_Sun_Conference","Big_12_Conference","Big_East_Conference","Big_Sky_Conference","Big_South_Conference","Big_Ten_Conference","Big_West_Conference","Colonial_Athletic_Association","Conference_USA","Horizon_League","Independents","Ivy_League","Metro_Atlantic_Athletic_Conference","Mid-American_Conference","Mid-Eastern_Athletic_Conference","Missouri_Valley_Conference","Mountain_West_Conference","Northeast_Conference","Ohio_Valley_Conference","Pacific-10_Conference","Patriot_League","Southeastern_Conference","Southern_Conference","Southland_Conference","Southwestern_Athletic_Conference","Sun_Belt_Conference","West_Coast_Conference","Western_Athletic_Conference","Summit_League","California_Collegiate_Athletic_Association","Central_Atlantic_Collegiate_Conference","Central_Intercollegiate_Athletic_Association","East_Coast_Conference","Great_Lakes_Intercollegiate_Athletic_Conference","Great_Lakes_Valley_Conference","Great_Northwest_Athletic_Conference","Gulf_South_Conference","Heartland_Conference","Lone_Star_Conference","Mid-America_Intercollegiate_Athletics_Association","North_Central_Conference","Northeast-10_Conference","Northern_Sun_Intercollegiate_Conference","Pacific_West_Conference","Pennsylvania_State_Athletic_Conference","Rocky_Mountain_Athletic_Conference","South_Atlantic_Conference","Southern_Intercollegiate_Athletic_Conference","Sunshine_State_Conference","West_Virginia_Intercollegiate_Athletic_Conference","Conference_Carolinas","Independents","Peach_Belt_Conference","Allegheny_Mountain_Collegiate_Conference","American_Southwest_Conference","Landmark_Conference","Capital_Athletic_Conference","Centennial_Conference","City_University_of_New_York_Athletic_Conference","College_Conference_of_Illinois_and_Wisconsin","Commonwealth_Coast_Conference","Empire_8_Conference","Great_Northeast_Athletic_Conference","Great_South_Athletic_Conference","Heartland_Collegiate_Athletic_Conference","Independents","Iowa_Intercollegiate_Athletic_Conference","Liberty_League","Little_East_Conference","Massachusetts_State_College_Athletic_Conference","Michigan_Intercollegiate_Athletic_Association","Middle_Atlantic_Conference","Midwest_Conference","Minnesota_Intercollegiate_Athletic_Conference","New_England_Small_College_Athletic_Conference","New_England_Women's_and_Men's_Athletic_Conference","New_Jersey_Athletic_Conference","North_Atlantic_Conference","North_Coast_Athletic_Conference","North_Eastern_Athletic_Conference","Northern_Athletics_Conference","Northwest_Conference","Ohio_Athletic_Conference","Old_Dominion_Athletic_Conference","Presidents'_Athletic_Conference","Skyline_Conference","Southern_California_Intercollegiate_Athletic_Conference","Southern_Collegiate_Athletic_Conference","St._Louis_Intercollegiate_Athletic_Conference","State_University_of_New_York_Athletic_Conference","USA_South_Athletic_Conference","University_Athletic_Association","Wisconsin_Intercollegiate_Athletic_Conference","Upper_Midwest_Athletic_Conference","Colonial_States_Athletic_Conference","Clubs","Clubs","Associations","Clubs","Clubs","College_and_University","Events","Leagues","Associations","Clubs","Coaching","Events","Leagues","Players","Fan_Sites","Associations","Clubs","Coaching","County_Cricket","Directories","Events","Leagues","Players","Associations","Clubs","Coaching","Players","Indian_Premier_League","Clubs","Players","Players","Clubs","Coaching","Players","Players","Players","England","Northern_Ireland","Scotland","Wales","Alberta","British_Columbia","Manitoba","New_Brunswick","Newfoundland_and_Labrador","Nova_Scotia","Ontario","Prince_Edward_Island","Saskatchewan","Alabama","Arizona","Arkansas","California","Colorado","Connecticut","Delaware","Florida","Georgia","Hawaii","Idaho","Illinois","Indiana","Iowa","Kansas","Kentucky","Louisiana","Maine","Maryland","Massachusetts","Michigan","Minnesota","Mississippi","Missouri","Montana","Nebraska","New_Hampshire","New_Jersey","New_Mexico","New_York","North_Carolina","Ohio","Oklahoma","Oregon","Pennsylvania","Rhode_Island","South_Dakota","Tennessee","Texas","Utah","Vermont","Virginia","Washington","Washington,_DC","West_Virginia","Wisconsin","England","Northern_Ireland","Scotland","Wales","Alberta","British_Columbia","Manitoba","New_Brunswick","Nova_Scotia","Ontario","Prince_Edward_Island","Quebec","Saskatchewan","Alabama","Arizona","California","Colorado","Connecticut","Delaware","Florida","Georgia","Hawaii","Idaho","Illinois","Indiana","Iowa","Kansas","Kentucky","Louisiana","Maine","Maryland","Massachusetts","Michigan","Minnesota","Mississippi","Missouri","Montana","Nebraska","Nevada","New_Hampshire","New_Jersey","New_Mexico","New_York","North_Carolina","North_Dakota","Ohio","Oklahoma","Oregon","Pennsylvania","Rhode_Island","South_Carolina","Tennessee","Texas","Utah","Vermont","Virginia","Washington","Washington,_DC","West_Virginia","Wisconsin","History","England","Northern_Ireland","Scotland","Wales","Alberta","British_Columbia","Manitoba","New_Brunswick","Newfoundland_and_Labrador","Northwest_Territories","Nova_Scotia","Ontario","Prince_Edward_Island","Quebec","Saskatchewan","Alabama","Alaska","Arizona","Arkansas","California","Colorado","Connecticut","Delaware","Florida","Georgia","Hawaii","Idaho","Illinois","Indiana","Iowa","Kansas","Kentucky","Louisiana","Maine","Maryland","Massachusetts","Michigan","Minnesota","Mississippi","Missouri","Montana","Nebraska","Nevada","New_Hampshire","New_Jersey","New_Mexico","New_York","North_Carolina","North_Dakota","Ohio","Oklahoma","Oregon","Pennsylvania","Rhode_Island","South_Carolina","Tennessee","South_Dakota","Texas","Utah","Vermont","Virginia","Washington","Washington,_DC","West_Virginia","Wisconsin","Wyoming","Ireland","Italy","Canada","Mexico","United_States","Australia","New_Zealand","China","Austria","France","Germany","Ireland","Italy","Regions","Spain","United_Kingdom","Canada","Mexico","United_States","Australia","New_Zealand","Alabama","Alaska","California","Colorado","Connecticut","Florida","Hawaii","Illinois","Indiana","Iowa","Kentucky","Michigan","Nevada","North_Carolina","Ohio","Oklahoma","Oregon","Tennessee","Texas","Virginia","Washington","Washington,_DC","Wisconsin","Australian_Capital_Territory","New_South_Wales","Northern_Territory","Queensland","South_Australia","Tasmania","Victoria","Western_Australia","England","Scotland","Wales","Alaska","California","Florida","Illinois","Iowa","Kentucky","Maryland","Massachusetts","Minnesota","Montana","New_Jersey","New_York","Ohio","Oklahoma","Tennessee","Utah","Virginia","Ireland","United_Kingdom","Canada","United_States","Australia","New_Zealand","Europe","North_America","Oceania","Africa","Europe","North_America","Oceania","Africa","Europe","Middle_East","North_America","Oceania","South_America","Australia","Canada","Ireland","United_Kingdom","United_States","Breeders","Europe","North_America","Oceania","Europe","North_America","Europe","North_America","Oceania","South_America","Europe","North_America","Oceania","Europe","North_America","Oceania","North_America","Oceania","Europe","North_America","Oceania","Europe","North_America","Oceania","Europe","North_America","Oceania","Canada","United_States","Africa","Asia","Caribbean","Europe","North_America","Oceania","Europe","North_America","Oceania","Europe","North_America","Oceania","Canada","United_States","United_Kingdom","Canada","United_States","Switzerland","United_Kingdom","Canada","United_States","Australia","New_Zealand","United_Kingdom","Canada","United_States","Canada","Other","United_Kingdom","United_States","Belgium","United_Kingdom","Canada","United_States","United_Kingdom","Canada","United_States","Australia","New_Zealand","Japan","France","Ireland","United_Kingdom","United_States","Australia","New_Zealand","Associations_and_Clubs","Race_Stables","Europe","North_America","Oceania","Australia","New_Zealand","England","Northern_Ireland","Scotland","Wales","Alabama","Arizona","Arkansas","California","Colorado","Connecticut","Delaware","Florida","Georgia","Hawaii","Idaho","Illinois","Indiana","Iowa","Kansas","Kentucky","Louisiana","Maine","Maryland","Massachusetts","Michigan","Minnesota","Mississippi","Missouri","Montana","Nebraska","Nevada","New_Hampshire","New_Jersey","New_Mexico","New_York","North_Carolina","Ohio","Oklahoma","Oregon","Pennsylvania","Rhode_Island","South_Carolina","Tennessee","Texas","Utah","Vermont","Virginia","Washington","West_Virginia","Wisconsin","United_Kingdom","Canada","United_States","Arizona","California","Colorado","Connecticut","Florida","Illinois","Indiana","Kentucky","Maryland","Massachusetts","Michigan","Mississippi","Missouri","Nevada","New_Hampshire","New_Jersey","New_York","North_Carolina","Ohio","Oregon","Pennsylvania","Rhode_Island","South_Carolina","Tennessee","Texas","Virginia","Washington","Wyoming","Canada","United_States","Alabama","Alaska","Arizona","Arkansas","California","Colorado","Connecticut","Florida","Georgia","Hawaii","Idaho","Illinois","Indiana","Iowa","Kansas","Kentucky","Maine","Maryland","Massachusetts","Michigan","Minnesota","Mississippi","Missouri","Montana","Nebraska","Nevada","New_Hampshire","New_Mexico","New_York","North_Carolina","North_Dakota","Ohio","Oklahoma","Oregon","Pennsylvania","Rhode_Island","South_Carolina","South_Dakota","Tennessee","Texas","Vermont","Utah","Virginia","Washington","West_Virginia","Wisconsin","Wyoming","News_and_Media","News_and_Media","News_and_Media","News_and_Media","Venues","News_and_Media","Teams","News_and_Media","Venues","Weblogs","Eastern_College_Athletic_Conference","Independents","Ivy_League","Eastern_College_Athletic_Conference","Independents","University_Athletic_Association","United_States","Canada","United_Kingdom","South_Africa","Asia","Europe","North_America","Oceania","Israel","Canada","United_States","Europe","North_America","Oceania","Asia","Europe","North_America","Oceania","South_Africa","Canada","Mexico","United_States","Fan_Sites","Defunct_Teams","Central_States_Football_League","Dakota_Athletic_Conference","Frontier_Conference","Great_Plains_Athletic_Conference","Heart_of_America_Athletic_Conference","Independents","Kansas_Collegiate_Athletic_Conference","Mid-South_Conference","Mid-States_Football_Association","ACC","Big_12","Big_East","Big_Ten","Chats_and_Forums","Conference_USA","Fan_Pages","History","Independents","Mid-American","Mountain_West","Pac-10","Rankings","SEC","Sun_Belt","WAC","Big_Sky","Big_South","Gateway","Great_West_Football_Conference","Independents","Ivy_League","Mid-Eastern_Athletic","Metro_Atlantic_Athletic_Conference","Northeast","Ohio_Valley","Patriot","Pioneer_Football_League","SWAC","Southern","Southland","Colonial_Athletic","Central_Intercollegiate_Athletics_Association","Great_Lakes_Football_Conference","Great_Lakes_Intercollegiate_Athletic_Conference","Gulf_South_Conference","Independents","Lone_Star_Conference","Mid-America_Intercollegiate_Athletics_Association","North_Central_Conference","Northeast-10","Northern_Sun_Intercollegiate_Conference","Pennsylvania_State_Athletic_Conference","Rocky_Mountain_Athletic_Conference","South_Atlantic_Conference","Southern_Intercollegiate_Athletic_Conference","West_Virginia_Intercollegiate_Athletic_Conference","American_Southwest_Conference","Atlantic_Central_Football_Conference","Centennial_Conference","College_Conference_of_Illinois_and_Wisconsin","Empire_8_Conference","Heartland_Collegiate_Athletic_Conference","Illini-Badger_Football_Conference","Independents","Iowa_Intercollegiate_Athletic_Conference","Liberty_League","Michigan_Intercollegiate_Athletic_Association","Middle_Atlantic_Conference","Midwest_Conference","Minnesota_Intercollegiate_Athletic_Conference","New_England_Football_Conference","New_England_Small_College_Athletic_Conference","New_Jersey_Athletic_Conference","North_Coast_Athletic_Conference","Northwest_Conference","Ohio_Athletic_Conference","Old_Dominion_Athletic_Conference","Presidents'_Athletic_Conference","Southern_California_Intercollegiate_Athletic_Conference","Southern_Collegiate_Athletic_Conference","USA_South_Athletic_Conference","University_Athletic_Association","Wisconsin_Intercollegiate_Athletic_Conference","Northern_Athletics_Conference","Upper_Midwest_Athletic_Conference","Western_States_Football_League","Athlete_Services","1A","2A","3A","4A","5A","Amsterdam_Admirals","Barcelona_Dragons","Berlin_Thunder","Cologne_Centurions","Frankfurt_Galaxy","Hamburg_Sea_Devils","London_Monarchs","Rhein_Fire","Scottish_Claymores","Fan_Pages","News_and_Media","Players","Chats_and_Forums","Fan_Pages","News_and_Media","Players","Fan_Pages","News_and_Media","Players","Chats_and_Forums","Chats_and_Forums","Fan_Pages","News_and_Media","Players","Chats_and_Forums","Fan_Pages","News_and_Media","Players","Fan_Pages","News_and_Media","Players","Fan_Pages","News_and_Media","Players","Chats_and_Forums","Chats_and_Forums","Fan_Pages","News_and_Media","Players","Anti-Dallas_Cowboys","Chats_and_Forums","Fan_Pages","News_and_Media","Players","Fan_Pages","News_and_Media","Players","Chats_and_Forums","Chats_and_Forums","Fan_Pages","News_and_Media","Players","Fan_Pages","News_and_Media","Players","Defunct_Teams","Chats_and_Forums","Fan_Pages","News_and_Media","Players","Chats_and_Forums","Fan_Pages","News_and_Media","Players","Fan_Pages","News_and_Media","Players","Chats_and_Forums","Fan_Pages","News_and_Media","Players","Chats_and_Forums","Fan_Pages","News_and_Media","Players","Chats_and_Forums","Fan_Pages","News_and_Media","Players","Fan_Pages","News_and_Media","Players","Chats_and_Forums","Chats_and_Forums","Fan_Pages","News_and_Media","Players","Chats_and_Forums","Fan_Pages","News_and_Media","Players","Chats_and_Forums","Fan_Pages","News_and_Media","Players","Magazines_and_E-zines","Chats_and_Forums","Fan_Pages","News_and_Media","Players","Chats_and_Forums","Fan_Pages","News_and_Media","Players","Chats_and_Forums","Fan_Pages","News_and_Media","Players","Chats_and_Forums","Fan_Pages","News_and_Media","Players","Chats_and_Forums","Fan_Pages","News_and_Media","Players","Chats_and_Forums","Fan_Pages","News_and_Media","Players","Chats_and_Forums","Fan_Pages","News_and_Media","Players","History","Chats_and_Forums","Fan_Pages","News_and_Media","Players","Fan_Pages","News_and_Media","Players","Chats_and_Forums","Fan_Pages","News_and_Media","Players","Abdullah,_Rabih","Abraham,_Donnie","Abraham,_John","Ackerman,_Tom","Adams,_Flozell","Adams,_Keith","Adams,_Mike","Adams,_Sam","Adderley,_Herb","Ahanotu,_Chidi","Aikman,_Troy","Akers,_David","Akins,_Chris","Albright,_Ethan","Aldridge,_Kevin","Alexander,_Brent","Alexander,_Dan","Alexander,_Derrick","Alexander,_Shaun","Alexander,_Stephen","Alford,_Darnell","Allen,_Brian","Allen,_Ian","Allen,_James","Allen,_Larry","Allen,_Marcus","Allen,_Matt","Allen,_Taje","Allen,_Will","Allotey,_Victor","Allred,_John","Alstott,_Mike","Alworth,_Lance","Ambrose,_Ashley","Anderle,_Matt","Andersen,_Morten","Anderson,_Bennie","Anderson,_Damien","Anderson,_Gary","Anderson,_Marques","Anderson,_Mike","Anderson,_Richie","Anderson,_Scotty","Anderson,_Willie","Andrew,_Troy","Andruzzi,_Joe","Anelli,_Mark","Applewhite,_Major","Archuleta,_Adam","Armour,_Jo_Juan","Armstead,_Jessie","Armstrong,_Trace","Arrington,_Lavar","Ashworth,_Thomas","Atkins,_Doug","Atkins,_James","Atkins,_Larry","Austin,_Reggie","Ayodele,_Akin","Ayi,_Kole","Azumah,_Jerry","Baber,_Billy","Backus,_Jeff","Badger,_Brad","Badgro,_Red","Bailey,_Champ","Bailey,_Karsten","Bailey,_Rodney","Baker,_Chris","Baker,_Jason","Baker,_Robert","Ball,_Jason","Ballard,_Clenton","Banks,_Mike","Banks,_Tony","Bannan,_Justin","Bannister,_Alex","Barber,_Ronde","Barber,_Shawn","Barber,_Tiki","Barker,_Bryan","Barlow,_Kevan","Barlow,_Reggie","Barnes,_Darian","Barney,_Lem","Barrett,_David","Barrow,_Mike","Barry,_Kevin","Bartee,_William","Bartkowski,_Steve","Barton,_Eric","Bartrum,_Mike","Bashir,_Idrees","Batch,_Charlie","Bates,_Bill","Bates,_Dwayne","Bates,_Michael","Battaglia,_Marco","Battles,_Ainsley","Battles,_Cliff","Baugh,_Sammy","Bauman,_Rashad","Baxter,_Fred","Baxter,_Gary","Baxter,_Jarrod","Bean,_Robert","Beasley,_Aaron","Beasley,_Chad","Beasley,_Fred","Becht,_Anthony","Beckett,_Rogers","Beckham,_Tony","Bednarik,_Chuck","Beisel,_Monty","Bell,_Bobby","Bell,_Jacob","Bell,_Jason","Bell,_Kendrell","Bell,_Marcus","Bellisari,_Greg","Bellamy,_Jay","Bellisari,_Steve","Belser,_Jason","Benjamin,_Ryan","Bennet,_Darren","Bennett,_Brandon","Bennett,_Darren","Bennett,_Drew","Bennett,_Michael","Bennett,_Sean","Bentley,_Kevin","Bentley,_Lecharles","Berger,_Mitch","Berlin,_Eddie","Bernard,_Rocky","Brennan,_Colt","Berry,_Raymond","Bertrand,_Berry","Bethea,_Elvin","Bettis,_Jerome","Betts,_Ladell","Beuerlein,_Steve","Beutler,_Jeremy","Beverly,_Eric","Biakabutuka,_Tim","Biletnikoff,_Fred","Blake,_Jeff","Blanda,_George","Bledsoe,_Drew","Blount,_Mel","Booker,_Michael","Boston,_David","Boyer,_Brant","Bradford,_Banta","Bradshaw,_Terry","Brady,_Tom","Branch,_Deion","Brees,_Drew","Brien,_Doug","Brockermeyer,_Blake","Brooking,_Keith","Brooks,_Aaron","Brooks,_Derrick","Brooks,_Robert","Brooks,_Steve","Brown,_Corwin","Brown,_Lomas","Brown,_Ronnie","Brown,_Roosevelt","Brown,_Tim","Brown,_Troy","Brown,_Willie","Bruce,_Isaac","Brunell,_Mark","Bruschi,_Tedy","Buchanan,_Buck","Buffone,_Doug","Bulluck,_Keith","Buoniconti,_Nick","Burress,_Plaxico","Butkus,_Dick","Byars,_Keith","Bush,_Reggie","Calhoun,_Matt","Calico,_Tyrone","Campbell,_Earl","Canadeo,_Tony","Carr,_David","Carson,_Harry","Carter,_Cris","Casper,_Dave","Chambers,_Chris","Chrebet,_Wayne","Collins,_Kerry","Couch,_Tim","Craig,_Roger","Cribbs,_Josh","Csonka,_Larry","Culpepper,_Daunte","Collins,_Todd","Darius,_Donovin","Davis,_James","Davis,_Terrell","Davis,_Thomas","Dayne,_Ron","DeLamielleur,_Joe","Denson,_Damon","Detmer,_Koy","Dickerson,_Eric","Diggs,_Na'il","Dillon,_Corey","Dorsett,_Tony","Douglass,_Bobby","Dreisbach,_Scott","Driver,_Donald","Dudley,_Rickey","Dwight,_Tim","Dyson,_Kevin","Elam,_Jason","Elliott,_Jumbo","Elway,_John","Emmons,_Carlos","Esaison,_Boomer","Everitt,_Steve","Faulk,_Marshall","Favre,_Brett","Fina,_John","Fitzgerald,_Larry","Florence,_Drayton","Floyd,_Chris","Flutie,_Doug","Freeney,_Dwight","Fuqua,_John","Feely,_Jay","Flacco,_Joe","Galloway,_Joey","Gamble,_Jason","Gannon,_Rich","Garnett,_Winfield","George,_Eddie","George,_Jeff","Germaine,_Joe","Gibson,_Fred","Gilbert,_Ben","Givens,_David","Glenn,_Terry","Gonzalez,_Tony","Graham,_Jeff","Graham,_Kent","Grbac,_Elvis","Green,_Ahman","Green,_Barrett","Green,_Darrell","Griese,_Brian","Griffith,_Rich","Griffith,_Robert","Guynes,_Thomas","Hampton,_Dan","Hanspard,_Byron","Harbaugh,_Jim","Harmon,_Ronnie","Harris,_Franco","Harris,_Sean","Hayes,_Bob","Hoard,_Leroy","Hobson,_Victor","Hollis,_Mike","Holmes,_Priest","Hopkins,_Tam","Hornung,_Paul","Houser,_Kevin","Howard,_Chris","Howard,_Desmond","Howard,_Ty","Howley,_Chuck","Hoying,_Bobby","James,_Edgerrin","Jammer,_Quentin","Jaworski,_Ron","Jenkins,_Trezelle","Johnson,_Chad","Johnson,_Keyshawn","Johnson,_Rudi","Jones,_Kevin","Jones-Drew,_Maurice","Jordan,_Lee_Roy","Johnson,_Brad","Johnson,_Calvin","Jarrett,_Dwayne","Jones,_Mike_A.","Kapp,_Joe","Kasper,_Kevin","Kelly,_Jim","Kelly,_Rob","Kerner,_Marlon","King,_Andre","Kirkland,_Levon","Kosar,_Bernie","Krieg,_Dave","Law,_Ty","Leaf,_Ryan","Lewis,_Darryll","Lewis,_Ray","Light,_Matt","Long,_Howie","Lucky,_Mike","Lumpkin,_John","Lynch,_John","Leinart,_Matt","Lelie,_Ashley","Lewis,_Jamal","Lewis,_Michael","Lloyd,_Brandon","Leach,_Rick","Mannelly,_Patrick","Manning,_Peyton","Marino,_Dan","Marshall,_Jim","McAlister,_Chris","McAllister,_Deuce","McCaffrey,_Ed","McClellion,_Central","McKenzie,_Keith","McNabb,_Donovan","McNown,_Cade","Meredith,_Don","Miller,_Dee","Miller,_Jamir","Miller,_Josh","Milloy,_Lawyer","Mirer,_Rick","Montana,_Joe","Montgomery,_Joe","Moore,_Damon","Moore,_Herman","Moss,_Randy","Moulds,_Eric","Mulitalo,_Edwin","Murphy,_Rob","Murphy,_Terrence","Morrison,_Steve","McFadden,_Darren","Nagurski,_Bronko","Namath,_Joe","Newberry,_Jeremy","Osborne,_Chuck","Pace,_Orlando","Parker,_Glenn","Parten,_Ty","Payton,_Walter","Pearson,_Pepe","Pennington,_Chad","Perkins,_Don","Plummer,_Ahmed","Plummer,_Jake","Pollard,_Fritz","Prior,_Anthony","Provitt,_Vaness","Payne,_Rod","Quinn,_Brady","Randle,_John","Randle_El,_Antwaan","Ray,_Marcus","Redman,_Chris","Renfro,_Mel","Rice,_Jerry","Richey,_Wade","Rison,_Andre","Roethlisberger,_Ben","Rogers,_Carlos","Rolle,_Samari","Rucci,_Todd","Rudzinski,_Jerry","Russell,_JaMarcus","Salave'a,_Joe","Sanders,_Barry","Sanders,_Chris","Sanders,_Deion","Sapp,_Benny","Sapp,_Warren","Scott,_Yusuf","Scurlock,_Mike","Seau,_Junior","Sehorn,_Jason","Seymour,_Richard","Sharper,_Darren","Shell,_Art","Shields,_Paul","Simpson,_O._J.","Smith,_Alex","Smith,_Emmitt","Smith,_Onterrio","Smith,_Robert","Spellman,_Alonzo","Spielman,_Chris","Spikes,_Takeo","Springs,_Shawn","Stablein,_Brian","Stabler,_Ken","Stallworth,_John","Starr,_Bart","Staubach,_Roger","Steele,_Glen","Stringer,_Korey","Styles,_Lorenzo","Sualua,_Nicky","Sword,_Sam","Skrepenak,_Greg","Taylor,_Jason","Testaverde,_Vinny","Thomas,_Derrick","Thomas,_Thurman","Thorpe,_Jim","Tito,_Paul","Tomczak,_Mike","Toomer,_Amani","Tovar,_Steve","Trotter,_Jeremiah","Tucker,_Jason","Tuinei,_Van","Tupa,_Tom","Unitas,_Johnny","Upshaw,_Gene","Urlacher,_Brian","Vardell,_Tommy","Vick,_Michael","Vinatieri,_Adam","Vrabel,_Mike","Walls,_Everson","Ware,_DeMarcus","Warner,_Kurt","Washington,_Kelley","Way,_Charles","Wayne,_Nate","Wedemeyer,_Herman","Westbrooks,_Jerry","Wheatley,_Tyrone","White,_Randy","White,_Reggie","Wiley,_Michael","Wilkinson,_Dan","Williams,_Bobbie","Williams,_Carnell_'Cadillac'","Williams,_Clevan_'Tank'","Williams,_Ricky","Williams,_Rodney_A.","Williams,_Roy","Willis,_Donald","Winfield,_Antoine","Woodson,_Charles","Wycheck,_Frank","Young,_Steve","Young,_Vince","American_Eightman_Football_League","California_Football_Association","Chicagoland_Football_League","Colorado_Football_Conference","Cross_Roads_Football_League","Dallas_Amateur_Football_League","Diamond_Football_League","Eastern_Football_League","Empire_Football_League","Garden_State_Football_League","Golden_Coast_Football_League","Golden_State_Amateur_Football_League","Great_Plains_Football_League","Hawaii_Football_League","Independent","Mason-Dixon_Football_League","Metro_Football_League","Michigan_Football_League","Mid-America_Football_League","Mid-Continental_Football_League","Mid-States_Football_League","Midwest_Football_League","Millennium_Football_League","National_Public_Safety_Football_League","New_England_Football_League","New_Mexico_Amateur_Football_League","New_Mexico_Football_League","New_York_Amateur_Football_League","North_American_Football_League","Northeast_Football_Association","Northwest_Football_League","Ohio_Valley_Football_League","Oklahoma_Spring_Football_League","Oregon_Football_League","Rocky_Mountain_Football_League","Southern_Football_League","Southern_States_Football_League","Southwest_Football_League","Texas_Football_League","Texas_International_Football_League","United_Football_League_of_Florida","United_Football_League_of_NY-DC","United_Professional_Football_League","United_States_Football_Alliance","Utah_Football_League","West_Texas_Football_League","Canada","Guam","United_States","Independent_Women's_Football_League","Independents","National_Women's_Football_Association","Women's_Football_League","Women's_Professional_Football_League","Cincinnati_Swarm","Jacksonville_Tomcats","Norfolk_Nighthawks","Roanoke_Steam","Clubs","London_Broncos","Student_Teams","Barrow_Raiders","Batley_Bulldogs","Blackpool_Panthers","Bradford_Bulls","Bradford_Dudley_Hill","Bramley_Buffaloes","Castleford_Tigers","Celtic_Crusaders","Dewsbury_Rams","Doncaster_Lakers","Featherstone_Rovers","Gateshead_Storm","Gateshead_Thunder","Halifax","Harlequins_RL","Hemel_Stags","Huddersfield_Giants","Hull_FC","Hull_Kingston_Rovers","Hunslet_Hawks","Keighley_Cougars","Leeds_Rhinos","Leigh_Centurions","Les_Catalans","London_Skolars","Oldham","Rochdale_Hornets","Salford_City_Reds","Sheffield_Eagles","Sheffield_Hillsborough_Hawks","St_Albans_Centurions","St_Helens","Swinton_Lions","Wakefield_Trinity_Wildcats","Warrington_Wizards","Warrington_Wolves","Whitehaven","Widnes_Vikings","Wigan_Warriors","Workington_Town","York_City_Knights","Canada","England","United_States","Northamptonshire","Berkshire","Oxfordshire","Warwickshire","West_Yorkshire","Hampshire","West_Midlands","Northumberland","Manchester","Derbyshire","Bedfordshire","Bristol","Leicestershire","Nottinghamshire","London","Somerset","Cumbria","Essex","South_Yorkshire","Buckinghamshire","Gloucestershire","Worcestershire","Cleveland","County_Durham","Hertfordshire","West_Sussex","Dorset","Shropshire","East_Sussex","Norfolk","Cheshire","Staffordshire","Merseyside","Surrey","Cornwall","Cambridgeshire","Kent","Lancashire","Wiltshire","Devon","East_Riding_of_Yorkshire","Lincolnshire","Tyne_and_Wear","Suffolk","Isle_of_Wight","North_Yorkshire","Herefordshire","Australia","England","Ireland","Scotland","United_States","Wales","Canada","England","Victoria","Queensland","Australian_Capital_Territory","South_Australia","New_South_Wales","Western_Australia","Tasmania","British_Columbia","Ontario","Newfoundland_and_Labrador","New_Brunswick","Manitoba","Alberta","Nova_Scotia","Saskatchewan","Quebec","Australia","Canada","England","Ireland","New_Zealand","Scotland","United_States","Auckland","Bay_of_Plenty","Waikato","Canterbury","Otago","Wellington","Southland","Manawatu","Marlborough_District","Northland","Ceredigion","Neath_Port_Talbot_County_Borough","Rhondda_Cynon_Taff","Monmouthshire","Blaenau_Gwent","Gwynedd","Vale_of_Glamorgan","Caerphilly_County_Borough","Swansea_County","Powys","Bridgend_County_Borough","Cardiff","Carmarthenshire","Merthyr_Tydfil_County_Borough","Conwy_County_Borough","Torfaen","Newport","Pembrokeshire","Isle_of_Anglesey","Flintshire","Denbighshire","Wrexham_County_Borough","Connacht","Leinster","Munster","Ulster","New_York","California","Colorado","Connecticut","Florida","Georgia","Illinois","Indiana","Maryland","Massachusetts","Michigan","Missouri","Ohio","Oregon","Pennsylvania","Tennessee","Texas","Virginia","Washington","Washington,_DC","Wisconsin","New_Hampshire","Australia","Canada","England","New_Zealand","United_States","Eastern_Cape","Free_State","Gauteng","KwaZulu_Natal","Limpopo","Mpumalanga","North_West_Province","Northern_Cape","Western_Cape","Canada","United_States","New_Zealand","England","Northern_Ireland","Scotland","Wales","Alberta","British_Columbia","Manitoba","New_Brunswick","Newfoundland_and_Labrador","Nova_Scotia","Ontario","Prince_Edward_Island","Quebec","Saskatchewan","Yukon","Alabama","Alaska","Arizona","Arkansas","California","Colorado","Connecticut","Delaware","Florida","Georgia","Hawaii","Idaho","Illinois","Indiana","Iowa","Kansas","Kentucky","Louisiana","Maine","Maryland","Massachusetts","Michigan","Minnesota","Mississippi","Missouri","Montana","Nebraska","Nevada","New_Jersey","New_Hampshire","New_Mexico","New_York","North_Carolina","North_Dakota","Ohio","Oklahoma","Oregon","Pennsylvania","Rhode_Island","South_Carolina","South_Dakota","Tennessee","Texas","Utah","Vermont","Virginia","Washington","Washington,_DC","West_Virginia","Wisconsin","Wyoming","New_South_Wales","Queensland","South_Australia","Tasmania","Victoria","Western_Australia","Alberta","British_Columbia","Manitoba","New_Brunswick","Nova_Scotia","Ontario","Quebec","Saskatchewan","Alabama","Alaska","Arizona","Arkansas","California","Colorado","Connecticut","Delaware","Florida","Georgia","Hawaii","Idaho","Illinois","Indiana","Iowa","Kansas","Kentucky","Louisiana","Maine","Maryland","Massachusetts","Michigan","Minnesota","Mississippi","Missouri","Montana","Nebraska","Nevada","New_Hampshire","New_Jersey","New_Mexico","New_York","North_Carolina","North_Dakota","Ohio","Oklahoma","Oregon","Pennsylvania","Rhode_Island","South_Carolina","Tennessee","Texas","Utah","Virginia","Washington","West_Virginia","Wisconsin","Wyoming","Western_Athletic_Conference","Hong_Kong","Cyprus","England","Guernsey","Ireland","Isle_of_Man","Scotland","Wales","Bermuda","Canada","United_States","Australia","New_Zealand","South_Africa","Hong_Kong","India","Malaysia","Pakistan","Singapore","Austria","Belgium","England","Germany","Greece","Guernsey","Ireland","Isle_of_Man","Italy","Jersey","Luxembourg","Netherlands","Scotland","Sweden","Switzerland","Wales","Canada","United_States","Australia","New_Zealand","Atlantic_University_Sport","Ontario_University_Athletics","Division_I","Division_II","Division_III","Division_I","Division_II","Division_III","Multiple_Divisions","Women","Atlantic_University_Sport","Canada_West_Universities_Athletic_Association","Ontario_University_Athletics","Quebec_Student_Sports_Federation","Division_I","Division_III","Women","Canada","United_States","England","Leagues","News_and_Media","Northern_Ireland","Scotland","Wales","Canadian_Hockey_League","Canadian_Junior_A_Hockey_League","Central_States_Hockey_League","Continental_Elite_Hockey_League","Eastern_Junior_Hockey_League","Interstate_Junior_Hockey_League","Manitoba_Junior_Hockey_League","Minnesota_Junior_Hockey_League","News_and_Media","North_American_Hockey_League","Northern_Pacific_Junior_Hockey_League","Ontario_Hockey_Association","Southern_Elite_Hockey_League","United_States_Hockey_League","Vancouver_Island_Junior_Hockey_League","Western_States_Hockey_League","American_Hockey_League","Central_Hockey_League","ECHL","International_Hockey_League","Mailing_Lists","News_and_Media","Players","South_East_Hockey_League","Southern_Professional_Hockey_League","Teams","United_Hockey_League","West_Coast_Hockey_League","Western_Professional_Hockey_League","Chats_and_Forums","Fan_Pages","History","News_and_Media","Organizations","Players","Statistics","Teams","College_and_University","National_Women's_Hockey_League","British_Columbia_Ringette_Association","Manitoba_Ringette_Association","Ontario_Ringette_Association","Ringette_Alberta","Ringette_Association_of_Saskatchewan","Ringette_New_Brunswick","Ringette_Nova_Scotia","Ringuette_Qubec","Goalie_Schools","PCLL","SELC","Arizona","California","Colorado","Connecticut","Delaware","Florida","Georgia","Maine","Maryland","Massachusetts","Michigan","Minnesota","Missouri","New_Jersey","New_York","North_Carolina","Ohio","Oregon","Pennsylvania","Rhode_Island","South_Carolina","South_Dakota","Tennessee","Texas","Utah","Vermont","Virginia","Washington","Washington,_DC","Alabama","California","Connecticut","Florida","Georgia","Illinois","Maine","Maryland","Massachusetts","Missouri","New_Jersey","New_York","North_Carolina","Ohio","Oregon","Pennsylvania","Rhode_Island","Texas","Virginia","Canada","United_States","United_Kingdom","Organizations","Aikikai","Iwama_Ryu","Kokikai_Ryu","Africa","Asia","Caribbean","Europe","Middle_East","North_America","Oceania","South_America","Organizations","Africa","Asia","Europe","North_America","Oceania","Africa","Asia","Caribbean","Europe","Middle_East","North_America","Oceania","South_America","Indonesia","United_Kingdom","Canada","United_States","Australia","Asia","Europe","North_America","Oceania","Belgium","Germany","Ireland","Netherlands","United_Kingdom","Canada","United_States","North_America","Oceania","Africa","Asia","Europe","North_America","Oceania","South_America","Europe","North_America","Oceania","Asia","Europe","Middle_East","North_America","Oceania","Ireland","United_Kingdom","Canada","United_States","Australia","Europe","North_America","Chats_and_Forums","Chen","Directories","News_and_Media","Organizations","Personal_Pages","Schools_and_Instruction","Yang","United_Kingdom","Canada","United_States","Asia","Europe","North_America","Oceania","Europe","North_America","Oceania","Alabama","Alaska","Arizona","Arkansas","California","Colorado","Connecticut","Florida","Georgia","Hawaii","Idaho","Illinois","Indiana","Iowa","Kansas","Kentucky","Louisiana","Maine","Maryland","Massachusetts","Michigan","Minnesota","Mississippi","Missouri","Montana","Nebraska","Nevada","New_Hampshire","New_Jersey","New_York","North_Carolina","Ohio","Oklahoma","Oregon","Pennsylvania","Rhode_Island","South_Carolina","Tennessee","Texas","Utah","Vermont","Virginia","Washington","Washington,_DC","Wisconsin","United_Kingdom","Malaysia","Philippines","Belgium","Croatia","Ireland","United_Kingdom","Canada","United_States","Australia","New_Zealand","Kumdo","News_and_Media","Organizations","Personal_Pages","Schools_and_Instruction","Advanced_ET","Drivers","Electronics","News_and_Media","Non-Electronics","Pro_ET","Sportsman","Super_Pro","Teams","Drivers","Teams","Drivers","Teams","Image_Galleries","Chats_and_Forums","Drivers","Organizations","Teams","Funny_Cars","Pro_Stocks","Top_Fuel","Pro_Modified","Fuel_Altereds","Pro_Mod","Super_Comp","Superstock","Top_Dragster","Africa","Europe","North_America","Oceania","Albers,_Christijan","Alesi,_Jean","Alonso,_Fernando","Andretti,_Mario","Badoer,_Luca","Barrichello,_Rubens","Brundle,_Martin","Button,_Jenson","Clark,_Jim","Comas,_Eric","Coulthard,_David","De_La_Rosa,_Pedro","Diniz,_Pedro","Fangio,_Juan_Manuel","Fisichella,_Giancarlo","Frentzen,_Heinz-Harald","Friesacher,_Patrick","Gen,_Marc","Heidfeld,_Nick","Herbert,_Johnny","Hill,_Damon","Hkkinen,_Mika","Irvine,_Eddie","Karthikeyan,_Narain","Klein,_Christian","Liuzzi,_Vitantonio","Mansell,_Nigel","Massa,_Felipe","McNish,_Allan","Monteiro,_Tiago","Montoya,_Juan_Pablo","Moss,_Stirling","Panis,_Olivier","Piquet,_Nelson","Prost,_Alain","Pudding,_Ronnie","Rikknen,_Kimi","Sato,_Takuma","Schumacher,_Michael","Schumacher,_Ralf","Senna,_Ayrton","Stewart,_Jackie","Trulli,_Jarno","Verstappen,_Jos","Villeneuve,_Gilles","Villeneuve,_Jacques","Webber,_Mark","Zonta,_Ricardo","Statistics","Image_Galleries","Live_Coverage","Ferrari","Jordan","McLaren-Mercedes","Minardi-Cosworth","Red_Bull_Racing","Renault","AT&amp;T_Williams","Toyota","Honda","BMW_Sauber","Drivers","Fan_Pages","History","News_and_Media","Teams","Charitable_Organizations","Chats_and_Forums","Directories","Drivers","Fan_Pages","History","News_and_Media","Nationwide_Series","Teams","Web_Rings","Sprint_Cup_Series","Touring_and_Local_Racing","Club_Racing","Pro_Racing","Regions","Solo_II","Caribbean","Europe","North_America","Oceania","Multi-Country_Tours","Europe","Australian_Rally_Championship","Canadian_Rally_Championship","Plymouth-Dakar_Challenge","United_States_Championships","Multi-Country_Tour","Image_Galleries","Asphalt","Dirt","Drivers","Teams","ASA","USAR","ISCARS","South_Africa","Germany","Italy","Netherlands","Spain","United_Kingdom","Canada","United_States","Australia","New_Zealand","Image_Galleries","Ex_Racers","Grand_Prix","National","India","Belgium","Ireland","United_Kingdom","Bermuda","Canada","United_States","Australia","Vanuatu","Alabama","Alaska","Arizona","Arkansas","California","Colorado","Connecticut","Delaware","Florida","Georgia","Hawaii","Idaho","Illinois","Indiana","Iowa","Kansas","Kentucky","Louisiana","Maine","Maryland","Massachusetts","Michigan","Minnesota","Mississippi","Missouri","Montana","Nebraska","Nevada","New_Hampshire","New_Jersey","New_Mexico","New_York","North_Carolina","North_Dakota","Ohio","Oklahoma","Oregon","Pennsylvania","Rhode_Island","South_Carolina","South_Dakota","Tennessee","Texas","Utah","Vermont","Virginia","Washington","West_Virginia","Wisconsin","Wyoming","Movies","Teams","Eastern_Cape","Free_State","Gauteng","KwaZulu-Natal","Mpumalanga","North-West","Western_Cape","England","Northern_Ireland","Scotland","Wales","Alabama","Alaska","Arizona","Arkansas","California","Colorado","Connecticut","Delaware","Florida","Georgia","Hawaii","Idaho","Illinois","Indiana","Iowa","Kansas","Kentucky","Louisiana","Maine","Maryland","Massachusetts","Michigan","Minnesota","Mississippi","Missouri","Montana","Nebraska","Nevada","New_Hampshire","New_Jersey","New_Mexico","New_York","North_Carolina","Ohio","Oregon","Pennsylvania","Rhode_Island","South_Carolina","South_Dakota","Tennessee","Texas","Utah","Vermont","Virginia","Washington","Washington,_DC","West_Virginia","Wisconsin","Wyoming","American_Mideast_Conference","Cascade_Collegiate_Conference","Dakota_Athletic_Conference","Golden_State_Athletic_Conference","Great_Plains_Athletic_Conference","Kansas_Collegiate_Athletic_Conference","Kentucky_Intercollegiate_Athletic_Conference","Mid-South_Conference","Midlands_Collegiate_Athletic_Conference","Southern_States_Athletic_Conference","TranSouth_Athletic_Conference","Wolverine-Hoosier_Athletic_Conference","American_Midwest_Conference","Appalachian_Athletic_Conference","California_Pacific_Conference","Chicagoland_Collegiate_Athletic_Conference","Midwest_Collegiate_Conference","Florida_Sun_Conference","Independents","Frontier_Conference","America_East_Conference","Atlantic_Coast_Conference","Atlantic_Sun_Conference","Big_12_Conference","Big_East_Conference","Big_Sky_Conference","Big_South_Conference","Big_Ten_Conference","Big_West_Conference","Colonial_Athletic_Association","Conference_USA","Gulf_South_Conference","Horizon_League","Independents","Ivy_League","Metro_Atlantic_Athletic_Conference","Mid-American_Conference","Mid-Eastern_Athletic_Conference","Mountain_West_Conference","Northeast_Conference","Ohio_Valley_Conference","Pacific-10_Conference","Southeastern_Conference","Southern_Conference","Southwestern_Athletic_Conference","Sun_Belt_Conference","West_Coast_Conference","Western_Athletic_Conference","Summit_League","California_Collegiate_Athletic_Association","Central_Atlantic_Collegiate_Conference","Central_Intercollegiate_Athletic_Conference","East_Coast_Conference","Great_Lakes_Valley_Conference","Great_Northwest_Athletic_Conference","Lone_Star_Conference","North_Central_Conference","Northeast-10_Conference","Pennsylvania_State_Athletic_Conference","Rocky_Mountain_Athletic_Conference","South_Atlantic_Conference","Sunshine_State_Conference","Conference_Carolinas","American_Southwest_Conference","Capital_Athletic_Conference","Centennial_Conference","College_Conference_of_Illinois_and_Wisconsin","Empire_8_Conference","Great_Northeast_Athletic_Conference","Middle_Atlantic_Conference","Midwest_Conference","New_England_Small_College_Athletic_Conference","New_Jersey_Athletic_Conference","North_Coast_Athletic_Conference","Northern_Athletics_Conference","Northwest_Conference","Ohio_Athletic_Conference","Old_Dominion_Athletic_Conference","Southern_California_Intercollegiate_Athletic_Conference","Southern_Collegiate_Athletic_Conference","State_University_of_New_York_Athletic_Conference","USA_South_Athletic_Conference","University_Athletic_Association","Wisconsin_Intercollegiate_Athletic_Conference","Heartland_Collegiate_Athletic_Conference","North_Atlantic_Conference","Colonial_States_Athletic_Conference","Alabama","Alaska","Arizona","Arkansas","California","Colorado","Connecticut","Delaware","Florida","Georgia","Hawaii","Idaho","Illinois","Indiana","Iowa","Kansas","Kentucky","Louisiana","Maine","Maryland","Massachusetts","Michigan","Minnesota","Mississippi","Missouri","Montana","Nebraska","Nevada","New_Hampshire","New_Jersey","New_Mexico","New_York","North_Carolina","North_Dakota","Ohio","Oklahoma","Oregon","Pennsylvania","Rhode_Island","South_Dakota","South_Carolina","Tennessee","Texas","Utah","Vermont","Virginia","Washington","Washington,_DC","West_Virginia","Wisconsin","Wyoming","Canada","United_States","Africa","Antarctica","Asia","Caribbean","Central_America","Europe","Middle_East","North_America","Oceania","Polar_Regions","South_America","Africa","Asia","Caribbean","Europe","Middle_East","North_America","Oceania","South_America","Canada","United_States","Articles_and_Interviews","Chats_and_Forums","Fan_Pages","Image_Galleries","France","United_Kingdom","Canada","United_States","Australia","New_Zealand","Ohno,_Apolo_Anton","Canada","United_States","California","Colorado","Florida","Georgia","Illinois","Indiana","Kentucky","Massachusetts","Michigan","Minnesota","Missouri","New_York","North_Carolina","Ohio","Oregon","Tennessee","Texas","Utah","Washington","Washington,_DC","Wisconsin","Amateur","Professional","California","Minnesota","New_York","Oregon","Australia","Belgium","Canada","United_Kingdom","United_States","Alabama","Arkansas","California","Colorado","Florida","Georgia","Idaho","Illinois","Indiana","Kansas","Maine","Maryland","Massachusetts","Michigan","Missouri","Nebraska","New_Hampshire","New_Jersey","New_York","North_Carolina","Ohio","Oregon","Pennsylvania","Tennessee","Texas","Virginia","Washington","Wisconsin","Adelaide_United","Central_Coast_Mariners","Melbourne_Victory","Perth_Glory","Queensland_Roar","Sydney","Wellington_Phoenix","Newcastle_United_Jets","Gold_Coast_United","North_Queensland","Singapore_League","Al-Ahly","Zamalek","ES_Tunis","CCAA","CIS","NPSL","A","B","C","D","E","F","G","H","I","J","K","L","M","N","O","P","Q","R","S","T","U","V","W","X","Y","Z","NAIA","NCAA_Division_I","NCAA_Division_II","NCAA_Division_III","NCCAA","NJCAA","NWAACC","Leagues","Organizations","Clubs_and_Teams","Facilities","Leagues","Chicago_Fire","Club_Deportivo_Chivas_USA","Colorado_Rapids","Columbus_Crew","D.C._United","Defunct_Teams","FC_Dallas","Houston_Dynamo","Kansas_City_Wizards","Los_Angeles_Galaxy","New_England_Revolution","Real_Salt_Lake","Red_Bull_New_York","Personal_Pages","First_Division","Former_Clubs","PDL","Second_Division","Clubs","National_Team","W-League","WUSA","WPS","American_Youth_Soccer_Organization","Camps","Clubs_and_Teams","Individual_Players","Tournaments","United_States_Youth_Soccer_Association","Boca_Juniors","River_Plate","Vasco_da_Gama","Anderlecht","Botev_Plovdiv","CSKA_Sofia","Cherno_More_Varna","Dobrudzha_Dobrich","Levski_Sofia","Lokomotiv_Plovdiv","Lokomotiv_Sofia","Spartak_Varna","Euro2000","Euro2004","Euro2008","Euro2012","Slavia_Praha","Sparta_Praha","AGF","Brndby_IF","FC_Kbenhavn","Kge","Silkeborg_IF","A","B","C","D","E","F","G","H","I","J","K","L","M","N","Name_Changes","O","P","Q","R","S","T","U","V","W","X","Y","Z","Step_1","Step_2","Step_3","Step_4","Step_5","Step_6","Step_7","Magazines_and_E-zines","Amateur_Football_Alliance","Anglian_Combination","Bedfordshire","Brighton,_Hove_and_District","Business_Houses_League","Cambridgeshire_County","Central_Midlands","Cheshire","Christian_League","Combined_Counties","Crawley_and_District","Dorset_Premier","East_Berkshire","East_Sussex","Eastern_Counties","Essex_Olympian","Essex_Senior","Essex_and_Suffolk_Border","Football_Conference","Gloucestershire_County","Hampshire_Premier","Hellenic_League","Herts_Senior_County","Kent_County","Kent_League","Leicestershire_Senior","Liverpool_County_Premier","Local_Leagues","Maccabi_Leagues","Manchester_League","Mid_Sussex","Middlesex_County","Midland_Football_Alliance","Midland_Football_Combination","Midweek_League","North_Berks","North_West_Counties","Northampton_Town","Northants_Combination","Northern_Counties_East","Northern_Football_Alliance","Northern_League","Nottinghamshire_Senior","Oxfordshire_Senior","Peterborough_and_District","Reading_League","Reserve_League","Ryman_League","Small_Sided_Leagues","Somerset_County","South_West_Peninsula","Southern","Spartan_South_Midlands","Staffordshire_County_Senior","Suffolk_and_Ipswich","Sussex_County","UniBond_League","United_Counties","Veterans_League","Wearside_League","Wessex_League","West_Cheshire","West_Lancashire","West_Midlands_Regional","West_Sussex","Western_League","Wiltshire_League","Worthing_and_District","East_Midlands_Counties","Surrey_Elite_Intermediate","County_FA","Schools_FA","Wembley","League_One","League_Two","The_Championship","Former_League_Clubs","Level_1","Level_10","Level_11","Level_12","Level_13","Level_14","Level_15","Level_16","Level_17","Level_18","Level_19","Level_2","Level_20","Level_21","Level_22","Level_23","Level_24","Level_3","Level_4","Level_5","Level_6","Level_7","Level_8","Level_9","Clubs","Leagues","Clubs_and_Teams","Leagues","Mini_Soccer","Tournaments","1._FC_Kaiserslautern","1._FC_Kln","Bayer_04_Leverkusen","Borussia_Mnchengladbach","BvB_Borussia_Dortmund","Eintracht_Frankfurt","FC_Bayern_Mnchen","FC_Schalke_04","Hamburger_SV","Hertha_BSC_Berlin","MSV_Duisburg","SV_Werder_Bremen","VfB_Stuttgart","Wolfsburg","AEK","Aris","Iraklis","Kalamata","Olympiakos","PAOK","Panathinaikos","Bohemians","Bray_Wanderers","Cork_City","Derry_City","Drogheda_United","Dundalk","Finn_Harps","Galway_United","Kilkenny_City","Longford_Town","Shamrock_Rovers","Shelbourne","Sligo_Rovers","St._Patrick's_Athletic","UCD","Waterford_United","Beitar_Jerusalem","Bney_Yehuda","Hapoel_Beer-Sheva","Hapoel_Haifa","Maccabi_Haifa","Maccabi_Petah_Tikva","Maccabi_Tel_Aviv","Ancona","Atalanta","Bari","Bologna","Brescia","Cagliari","Chievo_Verona","Como","Empoli","Fiorentina","Genoa","Inter","Juventus","Lazio","Lecce","Lucchese","Milan","Modena","Napoli","Palermo","Parma","Perugia","Piacenza","Pisa","Reggina","Roma","Salernitana","Sampdoria","Siena","Torino","Udinese","Venezia","Verona","Vicenza","Delle_Alpi","San_Siro","Birkirkara","Floriana","Hamrun_Spartans","Hibernians","Rabat_Ajax","Ards","Ballyclare_Comrades","Ballymena_United","Bangor","Cliftonville","Coleraine","Crusaders","Glenavon","Glentoran","Larne","Linfield","Omagh_Town","Portadown","Benfica","FC_Porto","Sporting_Clube_de_Portugal","A","B","C","D","E","F","G","H","I","J","K","L","M","N","O","P","Q","R","S","T","U","V","W","X","Y","Z","Amateur","Junior","Senior","Clubs_and_Teams","Leagues","Tournaments","Maribor_Teatanic","Athletic_Club_de_Bilbao","Atltico_de_Madrid","Barcelona","CD_Javea","Celta_de_Vigo","Deportivo_La_Corua","Espanyol","Real_Madrid","Real_Zaragoza","Tenerife","Valencia","Cadiz_FC","AIK","IFK_Norrkping","Besiktas","Fenerbahce","Galatasaray","Trabzonspor","Aberystwyth_Town","Bangor_City","Cefn_Druids","Haverfordwest_County","Llanelli","Rhyl","American_Mideast_Conference","American_Midwest_Conference","Appalachian_Athletic_Conference","Cascade_Collegiate_Conference","Chicagoland_Collegiate_Athletic_Conference","Dakota_Athletic_Conference","Golden_State_Athletic_Conference","Great_Plains_Athletic_Conference","Gulf_Coast_Athletic_Conference","Heart_of_America_Athletic_Conference","Independents","Kansas_Collegiate_Athletic_Conference","Mid-South_Conference","Midlands_Collegiate_Athletic_Conference","Red_River_Conference","Sooner_Athletic_Conference","TranSouth_Athletic_Conference","Florida_Sun_Conference","America_East_Conference","Atlantic_10_Conference","Atlantic_Coast_Conference","Atlantic_Sun_Conference","Big_12_Conference","Big_East_Conference","Big_South_Conference","Big_Ten_Conference","Big_West_Conference","Colonial_Athletic_Association","Conference_USA","Eastern_College_Athletic_Conference","Horizon_League","Independents","Ivy_League","Metro_Atlantic_Athletic_Conference","Mid-American_Conference","Big_Sky_Conference","Mid-Eastern_Athletic_Conference","Missouri_Valley_Conference","Mountain_West_Conference","Northeast_Conference","Ohio_Valley_Conference","Pacific-10_Conference","Patriot_League","Pacific_Coast_Softball_Conference","Southeastern_Conference","Southern_Conference","Southland_Conference","Southwestern_Athletic_Conference","Sun_Belt_Conference","Western_Athletic_Conference","Summit_League","California_Collegiate_Athletic_Association","Peach_Belt_Conference","Central_Atlantic_Collegiate_Conference","Central_Intercollegiate_Athletic_Association","East_Coast_Conference","Great_Lakes_Intercollegiate_Athletic_Conference","Great_Lakes_Valley_Conference","Great_Northwest_Athletic_Conference","Gulf_South_Conference","Heartland_Conference","Lone_Star_Conference","Mid-America_Intercollegiate_Athletics_Association","North_Central_Conference","Northeast-10_Conference","Northern_Sun_Intercollegiate_Conference","Pacific_West_Conference","Pennsylvania_State_Athletic_Conference","Rocky_Mountain_Athletic_Conference","South_Atlantic_Conference","Southern_Intercollegiate_Athletic_Conference","Sunshine_State_Conference","West_Virginia_Intercollegiate_Athletic_Conference","Conference_Carolinas","Allegheny_Mountain_Collegiate_Conference","American_Southwest_Conference","Capital_Athletic_Conference","Centennial_Conference","City_University_of_New_York_Athletic_Conference","College_Conference_of_Illinois_and_Wisconsin","Commonwealth_Coast_Conference","Empire_8_Conference","Great_Northeast_Athletic_Conference","Heartland_Collegiate_Athletic_Conference","Iowa_Intercollegiate_Athletic_Conference","Liberty_League","Little_East_Conference","Massachusetts_State_College_Athletic_Conference","Michigan_Intercollegiate_Athletic_Association","Middle_Atlantic_Conference","Midwest_Conference","Minnesota_Intercollegiate_Athletic_Conference","New_England_Small_College_Athletic_Conference","New_England_Women's_and_Men's_Athletic_Conference","New_Jersey_Athletic_Conference","North_Coast_Athletic_Conference","Northern_Athletics_Conference","Northwest_Conference","Ohio_Athletic_Conference","Old_Dominion_Athletic_Conference","Presidents'_Athletic_Conference","Southern_California_Intercollegiate_Athletic_Conference","Southern_Collegiate_Athletic_Conference","St._Louis_Intercollegiate_Athletic_Conference","State_University_of_New_York_Athletic_Conference","USA_South_Athletic_Conference","University_Athletic_Association","Wisconsin_Intercollegiate_Athletic_Conference","Upper_Midwest_Athletic_Conference","North_Eastern_Athletic_Conference","Colonial_States_Athletic_Conference","Australia","Canada","United_States","Georgia","Indiana","Ohio","Canada","United_States","A","B","C","D","E","F","G","H","I","J","K","L","M","N","O","P","Q","R","S","T","U","V","W","X","Y","Z","Lisa_Raymond_and_Rennae_Stubbs","Williams_Sisters","Fan_Pages","Image_Galleries","Chats_and_Forums","Events","Fan_Pages","Image_Galleries","Bhupathi_and_Paes","Bryan_Brothers","Woodbridge_and_Woodforde","England","Scotland","Wales","Alabama","Alaska","Arizona","Arkansas","California","Colorado","Connecticut","Delaware","Florida","Georgia","Hawaii","Idaho","Illinois","Indiana","Iowa","Kansas","Kentucky","Louisiana","Maine","Maryland","Massachusetts","Michigan","Minnesota","Mississippi","Missouri","Montana","Nebraska","Nevada","New_Hampshire","New_Jersey","New_Mexico","New_York","North_Carolina","North_Dakota","Ohio","Oklahoma","Oregon","Pennsylvania","Rhode_Island","South_Carolina","South_Dakota","Tennessee","Texas","Utah","Vermont","Virginia","Washington","Washington,_DC","West_Virginia","Wisconsin","Wyoming","Atlantic_University_Sport","Canada_West_Universities_Athletic_Association","Great_Plains_Athletic_Conference","Ontario_University_Athletics","Eastern_Intercollegiate_Volleyball_Association","Midwestern_Intercollegiate_Volleyball_Association","Mountain_Pacific_Sports_Federation","North_East_Collegiate_Volleyball_Association","Middle_Atlantic_Club_Volleyball_Conference","Midwest_Collegiate_Volleyball_Association","Midwest_Intercollegiate_Volleyball_Association","Mountain_West_Volleyball_Conference","New_England_Collegiate_Volleyball_League","Northern_California_Collegiate_Volleyball_League","Pacific_Intercollegiate_Volleyball_Association","Southern_California_Collegiate_Volleyball_League","Southern_Intercollegiate_Volleyball_Association","Southern_States_Collegiate_Volleyball_League","Wisconsin_Volleyball_Conference","OCAA","Atlantic_University_Sport","American_Mideast_Conference","American_Midwest_Conference","Appalachian_Athletic_Conference","California_Pacific_Conference","Cascade_Collegiate_Conference","Chicagoland_Collegiate_Athletic_Conference","Frontier_Conference","Golden_State_Athletic_Conference","Great_Plains_Athletic_Conference","Kansas_Collegiate_Athletic_Conference","Dakota_Athletic_Conference","Florida_Sun_Conference","Mid-South_Conference","Midlands_Collegiate_Athletic_Conference","Sooner_Athletic_Conference","TranSouth_Athletic_Conference","Wolverine-Hoosier_Athletic_Conference","Sunrise_Conference","Division_I","Division_II","Division_III","Guides_and_Outfitters","Organizations","Schools_and_Instruction","Guides_and_Outfitters","Schools_and_Instruction","College_and_University","California","Florida","New_Jersey","Ohio","Tennessee","Texas","France","Ireland","Norway","Sweden","United_Kingdom","Canada","Mexico","United_States","England","Scotland","Wales","Oxford_University","Alabama","California","Connecticut","Delaware","Florida","Georgia","Illinois","Indiana","Iowa","Kansas","Kentucky","Louisiana","Maine","Maryland","Massachusetts","Michigan","Minnesota","Nebraska","New_Hampshire","New_Jersey","New_York","North_Carolina","Ohio","Oklahoma","Oregon","Pennsylvania","Rhode_Island","South_Carolina","Tennessee","Texas","Vermont","Virginia","Washington","Washington,_DC","West_Virginia","Wisconsin","California","Connecticut","Florida","Georgia","Maryland","New_Hampshire","New_Jersey","New_York","North_Carolina","Ohio","Oregon","Pennsylvania","Tennessee","Virginia","Washington","Washington,_DC","West_Virginia","Canada","Mexico","United_States","Indonesia","United_Kingdom","Australia","New_Zealand","America_East_Conference","Atlantic_10_Conference","Atlantic_Coast_Conference","Atlantic_Sun_Conference","Big_12_Conference","Big_East_Conference","Big_Sky_Conference","Big_Ten_Conference","Big_West_Conference","Colonial_Athletic_Association","Conference_USA","Horizon_League","Ivy_League","Metro_Atlantic_Athletic_Conference","Mid-American_Conference","Mid-Eastern_Athletic_Conference","Missouri_Valley_Conference","Mountain_West_Conference","Northeast_Conference","Pacific-10_Conference","Patriot_League","Southeastern_Conference","Sun_Belt_Conference","West_Coast_Conference","Western_Athletic_Conference","Summit_League","California_Collegiate_Athletic_Association","Great_Lakes_Intercollegiate_Athletic_Conference","Great_Lakes_Valley_Conference","Gulf_South_Conference","Heartland_Conference","North_Central_Conference","Northeast-10_Conference","Northern_Sun_Intercollegiate_Conference","Pennsylvania_State_Athletic_Conference","Rocky_Mountain_Athletic_Conference","South_Atlantic_Conference","Sunshine_State_Conference","West_Virginia_Intercollegiate_Athletic_Conference","Conference_Carolinas","Peach_Belt_Conference","Allegheny_Mountain_Collegiate_Conference","American_Southwest_Conference","Capital_Athletic_Conference","Centennial_Conference","City_University_of_New_York_Athletic_Conference","College_Conference_of_Illinois_and_Wisconsin","Commonwealth_Coast_Conference","Empire_8_Conference","Great_Northeast_Athletic_Conference","Independents","Iowa_Intercollegiate_Athletic_Conference","Liberty_League","Little_East_Conference","Massachusetts_State_College_Athletic_Conference","Michigan_Intercollegiate_Athletic_Association","Middle_Atlantic_Conference","Midwest_Conference","Minnesota_Intercollegiate_Athletic_Conference","New_England_Small_College_Athletic_Conference","New_England_Women's_and_Men's_Athletic_Conference","New_Jersey_Athletic_Conference","North_Coast_Athletic_Conference","Northwest_Conference","Ohio_Athletic_Conference","Old_Dominion_Athletic_Conference","Presidents'_Athletic_Conference","Southern_California_Intercollegiate_Athletic_Conference","Southern_Collegiate_Athletic_Conference","St._Louis_Intercollegiate_Athletic_Conference","State_University_of_New_York_Athletic_Conference","USA_South_Athletic_Conference","University_Athletic_Association","Wisconsin_Intercollegiate_Athletic_Conference","Colonial_States_Athletic_Conference","Canada","United_States","Australia","New_Zealand","Bahamas","Jamaica","United_Kingdom","Canada","United_States","Australia","New_Zealand","South_Africa","Czech_Republic","Greece","Guernsey","Ireland","Jersey","Luxembourg","Netherlands","United_Kingdom","Canada","United_States","Australia","New_Zealand","California","Florida","Texas","Greece","Spain","England","Scotland","Clubs_and_Associations","Newschool_Skiing","Instructors","Organizations","Regional","Asia","Europe","North_America","Oceania","Governing_Bodies","Individual_Patrols","Heliskiing","Snowcat_Skiing","Canada","United_States","Europe","North_America","Oceania","Ski_Jumpers","Austria","France","Italy","Switzerland","United_Kingdom","Canada","United_States","Australia","New_Zealand","Argentina","Australia","Education","Dakota_Athletic_Conference","Independents","United_Kingdom","Canada","United_States","Australia","Acolyte_Protection_Agency","Al_Snow","Alex_Wright","Amazing_N8","Andre_the_Giant","Antonio_Inoki","Ballard_Brothers,_The","Balls_Mahoney","Bam_Bam_Bigelow","Baron_Von_Raschke","Batista","Big_Show,_The","Billy_Blaze","Billy_Gunn","Black_Cat","Blue_Meanie,_The","Bobby_the_Brain_Heenan","Boogalou","Booker_T","Bradshaw","Bret_the_Hitman_Hart","Brian_Christopher","Brian_Lee","Brock_Lesnar","Buddy_Colt","Buff_Bagwell","Bull_Man_Downs","C.W._Anderson","CJ_Summers","Cat,_The","Charlie_Haas","Chavo_Guerrero_Sr.","Chief_Dave_Foxx","Chris_Benoit","Chris_Blackheart","Chris_Chetti","Chris_Del_Sol","Chris_Jericho","Chris_Nowinski","Christian","Chuck_Palumbo","Chyna","Cocky_Little_Brats","Crowbar","Cutthroats,_The","Cyrus_the_Virus","D-Generation_X","D-Von_Dudley","Danish_Assassin,_The","Danny_Doring","Danny_Roland","Danny_Steele","DeVito","Defenders_of_the_Faith","Dennis_Knight","Diamond_Dallas_Page","Disco_Inferno","Dominator","Dr._Luther","Dudley_Boyz","Echelon","Eddie_Gilbert","Eddie_Guerrero","Eddie_Osbourne","Edge","Edge_and_Christian","Elements_of_Suicide","Eric_Everlast","Eric_Extreme","Essa_Rios","Evan_Karagias","Four_Horsemen","Frank_Savage","Gangrel","General_Mussolini","George_Steele","Goldberg","Goldust","Hardcore_Holly","Hardy_Boyz","Harley_Race","Hell's_Belles","Hilario_Varga","Hillbilly_Cousin_Luke","Hulk_Hogan","Hyena","Ivory","J.C_Derksen","JC_Rage","Jack_Victory","Jacqueline","Jamie_Noble","Jason_Pharo","Jazz","Jeff_Jarrett","Jerry_Lynn","Jimmy_Valiant","Joe_Kopecky","Joel_Gertner","Joey_Matthews","Joey_Styles","John_Cena","John_Howarth","Johnny_Graham","Johnny_Rage","Johnny_the_Bull_Stamboli","Jonas_The_Giant","Josh_Prohibition","Jushin_Thunder_Liger","Justin_Credible","Juventud_Guerrera","K-Kwik","Kage","Kane","Kazushi_Sakuraba","Ken_Shamrock","Kevin_Nash","Kidman","Kodiak_Bear","Konnan","Kronic","Kurt_Angle","Kwee_Wee","Lady_Vendetta","Lance_Storm","Lex_Luger","Lightning_Kidd,_The","Lita","Logan_Moore","Looney_Lane","Lost_Souls","Lucifer_Grim","Macho_Man_Randy_Savage","Madusa","Maestro,_The","Marc_Mero","Marco_di_Fiore","Maria_Montana","Mark_Henry","Mark_Mattis","Masato_Tanaka","Matt_Murphy","Maven","Max_Cortez","Meng","Methods_of_Mayhem","Michael_Craver","Michael_Figgs","Michael_Strider","Mick_Foley","Mike_Awesome","Mike_Daniel","Misfits_in_Action","Molly_Holly","Moondog_Manson","Natasha_Kolov","Neil_Faith","New_Age_Outlaws","Nick_Bockwinkle","Nidia","Outsiders,_The","Owen_Hart","Perry_Saturn","Philip_Stamper","Poison_Ivy","Preston_Quinn","Psycho","Queen_Kong","Quinson_Valentino","Raven","Reggie_Bennett","Rey_Mysterio_Jr.","Rhyno","Ric_Flair","Rick_Rude","Ricky_Apollo","Rico_Contantino","Right_To_Censor","Road_Dogg","Roadkill","Rob_Van_Dam","Rock,_The","Ron_Simmons","Rowdy_Roddy_Piper","Sandman,_The","Scott_Hall","Scott_Steiner","Scott_Taylor","Scotty_Sabre","Sean_Knight","Sean_O'Haire","Sgt._Slaughter","Shane_Douglas","Shane_Helms","Shane_McMahon","Shank_Dorsey","Shawn_Michaels","Shawn_Riot","Simon_Diamond","Skull_Ganz","Spector","Steven_William_Regal","Sting","Stone_Cold_Steve_Austin","Superstar_Billy_Graham","T_and_A","Tatanka","Tazz","Team_Xtreme","Test","Tiger_Ali_Singh","Tim_Parker","Tom_Zenk","Tommy_Dreamer","Too_Cool","Tori","Torture_King,_The","Triple_H","Trish_Stratus","Tyson_Tomko","Ultimate_Warrior","Ultimo_Dragon","Uncle_Elmer","Undertaker","Val_Venis","Vampiro","Violet_Flame","Viscera","Von_Erichs,_The","Wild_Irish_Rose","Wild_Samoans","Wild_Shane_West","WyldChyld_Jaymie_Knight","X-Pac","Yoshihiro_Tajiri"
